k,packet_size,traffic,routing,rate,avg_lat,avg_hops
4,1,uniform,dor,0.05,16.2933,4.74546
4,1,uniform,dor,0.1,16.3363,4.73893
4,1,uniform,dor,0.15,16.465,4.75837
4,1,uniform,dor,0.2,16.5311,4.75585
4,1,uniform,dor,0.25,16.5916,4.74531
4,1,uniform,dor,0.3,16.7468,4.76208
4,1,uniform,dor,0.35,16.8118,4.7458
4,1,uniform,dor,0.4,17.0105,4.75991
4,1,uniform,dor,0.45,17.1292,4.74458
4,1,uniform,dor,0.5,17.3676,4.75536
4,1,uniform,dor,0.55,17.6237,4.75792
4,1,uniform,dor,0.6,17.9035,4.75188
4,1,uniform,dor,0.65,18.2902,4.75904
4,1,uniform,dor,0.7,18.737,4.74922
4,1,uniform,dor,0.75,19.453,4.75593
4,1,uniform,dor,0.8,20.413,4.74657
4,1,uniform,dor,0.85,22.0941,4.75283
4,1,uniform,dor,0.9,25.3205,4.75109
4,1,uniform,dor,0.95,35.5125,4.75683
4,1,uniform,xy_yx,0.05,16.4542,4.79394
4,1,uniform,xy_yx,0.1,16.3948,4.74874
4,1,uniform,xy_yx,0.15,16.4823,4.74652
4,1,uniform,xy_yx,0.2,16.6068,4.75319
4,1,uniform,xy_yx,0.25,16.678,4.74161
4,1,uniform,xy_yx,0.3,16.8164,4.74664
4,1,uniform,xy_yx,0.35,16.9826,4.75022
4,1,uniform,xy_yx,0.4,17.1226,4.73902
4,1,uniform,xy_yx,0.45,17.3361,4.74703
4,1,uniform,xy_yx,0.5,17.6273,4.7602
4,1,uniform,xy_yx,0.55,17.8929,4.75111
4,1,uniform,xy_yx,0.6,18.2517,4.75131
4,1,uniform,xy_yx,0.65,18.7354,4.75744
4,1,uniform,xy_yx,0.7,19.2521,4.75207
4,1,uniform,xy_yx,0.75,20.0792,4.75133
4,1,uniform,xy_yx,0.8,21.2444,4.74886
4,1,uniform,xy_yx,0.85,23.2593,4.75437
4,1,uniform,xy_yx,0.9,27.1293,4.75001
4,1,uniform,xy_yx,0.95,38.1656,4.74876
4,1,uniform,min_adapt,0.05,16.293,4.74546
4,1,uniform,min_adapt,0.1,16.3361,4.73893
4,1,uniform,min_adapt,0.15,16.4648,4.75837
4,1,uniform,min_adapt,0.2,16.5323,4.75585
4,1,uniform,min_adapt,0.25,16.591,4.74531
4,1,uniform,min_adapt,0.3,16.7467,4.76208
4,1,uniform,min_adapt,0.35,16.8137,4.7458
4,1,uniform,min_adapt,0.4,17.0117,4.75991
4,1,uniform,min_adapt,0.45,17.1304,4.74458
4,1,uniform,min_adapt,0.5,17.3674,4.75536
4,1,uniform,min_adapt,0.55,17.6183,4.75792
4,1,uniform,min_adapt,0.6,17.9102,4.75188
4,1,uniform,min_adapt,0.65,18.2857,4.75904
4,1,uniform,min_adapt,0.7,18.7413,4.74922
4,1,uniform,min_adapt,0.75,19.4559,4.75593
4,1,uniform,min_adapt,0.8,20.4277,4.74657
4,1,uniform,min_adapt,0.85,22.0996,4.75283
4,1,uniform,min_adapt,0.9,25.3282,4.75109
4,1,uniform,min_adapt,0.95,35.5037,4.75683
4,1,neighbor,dor,0.05,18.4808,5.49361
4,1,neighbor,dor,0.1,18.4511,5.4837
4,1,neighbor,dor,0.15,18.4425,5.48083
4,1,neighbor,dor,0.2,18.4575,5.48583
4,1,neighbor,dor,0.25,18.4668,5.48895
4,1,neighbor,dor,0.3,18.4907,5.4969
4,1,neighbor,dor,0.35,18.5083,5.50276
4,1,neighbor,dor,0.4,18.5105,5.50349
4,1,neighbor,dor,0.45,18.5118,5.50393
4,1,neighbor,dor,0.5,18.5109,5.50362
4,1,neighbor,dor,0.55,18.5057,5.50189
4,1,neighbor,dor,0.6,18.5025,5.50085
4,1,neighbor,dor,0.65,18.4997,5.4999
4,1,neighbor,dor,0.7,18.4995,5.49984
4,1,neighbor,dor,0.75,18.4967,5.49891
4,1,neighbor,dor,0.8,18.4947,5.49825
4,1,neighbor,dor,0.85,18.5014,5.50047
4,1,neighbor,dor,0.9,18.4998,5.49994
4,1,neighbor,dor,0.95,18.497,5.499
4,1,allreduce,dor,0.05,8.08354,2.02785
4,1,allreduce,dor,0.1,8.09014,2.03005
4,1,allreduce,dor,0.15,8.09212,2.03071
4,1,allreduce,dor,0.2,8.09351,2.03117
4,1,allreduce,dor,0.25,8.09243,2.03081
4,1,allreduce,dor,0.3,8.09253,2.03084
4,1,allreduce,dor,0.35,8.09307,2.03102
4,1,allreduce,dor,0.4,8.09446,2.03149
4,1,allreduce,dor,0.45,8.09472,2.03157
4,1,allreduce,dor,0.5,8.09459,2.03153
4,1,allreduce,dor,0.55,8.09473,2.03158
4,1,allreduce,dor,0.6,8.09519,2.03173
4,1,allreduce,dor,0.65,8.09487,2.03162
4,1,allreduce,dor,0.7,8.09395,2.03132
4,1,allreduce,dor,0.75,8.09416,2.03139
4,1,allreduce,dor,0.8,8.09406,2.03135
4,1,allreduce,dor,0.85,8.09405,2.03135
4,1,allreduce,dor,0.9,8.09425,2.03142
4,1,allreduce,dor,0.95,8.09398,2.03133
4,2,uniform,dor,0.05,17.3775,4.74541
4,2,uniform,dor,0.1,17.5883,4.76281
4,2,uniform,dor,0.15,17.703,4.74325
4,2,uniform,dor,0.2,17.9239,4.75523
4,2,uniform,dor,0.25,18.1921,4.76419
4,2,uniform,dor,0.3,18.4539,4.75516
4,2,uniform,dor,0.35,18.7616,4.75724
4,2,uniform,dor,0.4,19.0771,4.73819
4,2,uniform,dor,0.45,19.543,4.7478
4,2,uniform,dor,0.5,20.042,4.7594
4,2,uniform,dor,0.55,20.5662,4.73928
4,2,uniform,dor,0.6,21.3351,4.74065
4,2,uniform,dor,0.65,22.3659,4.74185
4,2,uniform,dor,0.7,23.7384,4.74753
4,2,uniform,dor,0.75,25.5767,4.75117
4,2,uniform,dor,0.8,28.1863,4.755
4,2,uniform,dor,0.85,32.5209,4.75832
4,2,uniform,dor,0.9,41.5077,4.74894
4,2,uniform,dor,0.95,71.1846,4.75176
4,2,uniform,xy_yx,0.05,17.4374,4.76061
4,2,uniform,xy_yx,0.1,17.5732,4.74157
4,2,uniform,xy_yx,0.15,17.7782,4.74012
4,2,uniform,xy_yx,0.2,17.9901,4.74209
4,2,uniform,xy_yx,0.25,18.2803,4.74758
4,2,uniform,xy_yx,0.3,18.6316,4.75638
4,2,uniform,xy_yx,0.35,18.9637,4.74809
4,2,uniform,xy_yx,0.4,19.3268,4.73398
4,2,uniform,xy_yx,0.45,19.8764,4.74877
4,2,uniform,xy_yx,0.5,20.3719,4.74289
4,2,uniform,xy_yx,0.55,21.2004,4.76107
4,2,uniform,xy_yx,0.6,22.0289,4.75357
4,2,uniform,xy_yx,0.65,23.0688,4.74283
4,2,uniform,xy_yx,0.7,24.4806,4.74857
4,2,uniform,xy_yx,0.75,26.6473,4.75702
4,2,uniform,xy_yx,0.8,29.6017,4.76069
4,2,uniform,xy_yx,0.85,34.5433,4.75324
4,2,uniform,xy_yx,0.9,43.682,4.75336
4,2,uniform,xy_yx,0.95,75.3241,4.76059
4,2,uniform,min_adapt,0.05,17.3779,4.74541
4,2,uniform,min_adapt,0.1,17.5884,4.76281
4,2,uniform,min_adapt,0.15,17.7039,4.74325
4,2,uniform,min_adapt,0.2,17.9231,4.75523
4,2,uniform,min_adapt,0.25,18.1925,4.76419
4,2,uniform,min_adapt,0.3,18.4555,4.75516
4,2,uniform,min_adapt,0.35,18.7626,4.75724
4,2,uniform,min_adapt,0.4,19.0791,4.73819
4,2,uniform,min_adapt,0.45,19.539,4.7478
4,2,uniform,min_adapt,0.5,20.0403,4.7594
4,2,uniform,min_adapt,0.55,20.5694,4.73928
4,2,uniform,min_adapt,0.6,21.33,4.74065
4,2,uniform,min_adapt,0.65,22.3731,4.74185
4,2,uniform,min_adapt,0.7,23.7326,4.74753
4,2,uniform,min_adapt,0.75,25.5772,4.75117
4,2,uniform,min_adapt,0.8,28.1809,4.755
4,2,uniform,min_adapt,0.85,32.5438,4.75832
4,2,uniform,min_adapt,0.9,41.5635,4.74894
4,2,uniform,min_adapt,0.95,70.7502,4.74972
4,2,neighbor,dor,0.05,19.5596,5.51151
4,2,neighbor,dor,0.1,19.534,5.49263
4,2,neighbor,dor,0.15,19.5828,5.49736
4,2,neighbor,dor,0.2,19.6162,5.49627
4,2,neighbor,dor,0.25,19.5808,5.47163
4,2,neighbor,dor,0.3,19.7269,5.50534
4,2,neighbor,dor,0.35,19.7632,5.49737
4,2,neighbor,dor,0.4,19.835,5.49943
4,2,neighbor,dor,0.45,19.9433,5.50672
4,2,neighbor,dor,0.5,20.0265,5.51116
4,2,neighbor,dor,0.55,20.127,5.5044
4,2,neighbor,dor,0.6,20.2479,5.49957
4,2,neighbor,dor,0.65,20.4218,5.49464
4,2,neighbor,dor,0.7,20.6475,5.49718
4,2,neighbor,dor,0.75,21.0298,5.50577
4,2,neighbor,dor,0.8,21.4575,5.50199
4,2,neighbor,dor,0.85,22.3645,5.50476
4,2,neighbor,dor,0.9,23.9794,5.50136
4,2,neighbor,dor,0.95,28.2964,5.50451
4,2,allreduce,dor,0.05,9.10619,2.02702
4,2,allreduce,dor,0.1,9.14458,2.02949
4,2,allreduce,dor,0.15,9.18926,2.03284
4,2,allreduce,dor,0.2,9.22161,2.0314
4,2,allreduce,dor,0.25,9.25004,2.02804
4,2,allreduce,dor,0.3,9.29924,2.02945
4,2,allreduce,dor,0.35,9.36611,2.03168
4,2,allreduce,dor,0.4,9.43132,2.03153
4,2,allreduce,dor,0.45,9.52013,2.03234
4,2,allreduce,dor,0.5,9.58725,2.03139
4,2,allreduce,dor,0.55,9.70674,2.03096
4,2,allreduce,dor,0.6,9.84027,2.03035
4,2,allreduce,dor,0.65,10.0289,2.03033
4,2,allreduce,dor,0.7,10.2518,2.03194
4,2,allreduce,dor,0.75,10.6078,2.03179
4,2,allreduce,dor,0.8,11.0475,2.03199
4,2,allreduce,dor,0.85,11.947,2.03227
4,2,allreduce,dor,0.9,13.5693,2.03133
4,2,allreduce,dor,0.95,17.8777,2.03158
4,4,uniform,dor,0.05,19.4702,4.72821
4,4,uniform,dor,0.1,19.8841,4.73217
4,4,uniform,dor,0.15,20.3861,4.73548
4,4,uniform,dor,0.2,21.0077,4.79802
4,4,uniform,dor,0.25,21.4861,4.76883
4,4,uniform,dor,0.3,21.95,4.75506
4,4,uniform,dor,0.35,22.6217,4.74209
4,4,uniform,dor,0.4,23.5451,4.76519
4,4,uniform,dor,0.45,24.4787,4.73745
4,4,uniform,dor,0.5,25.773,4.75867
4,4,uniform,dor,0.55,27.1918,4.7588
4,4,uniform,dor,0.6,28.8961,4.73953
4,4,uniform,dor,0.65,31.0952,4.75207
4,4,uniform,dor,0.7,34.1378,4.76478
4,4,uniform,dor,0.75,38.0166,4.74508
4,4,uniform,dor,0.8,43.9522,4.75912
4,4,uniform,dor,0.85,53.6769,4.75647
4,4,uniform,dor,0.9,74.3664,4.75053
4,4,uniform,dor,0.95,135.903,4.76392
4,4,uniform,xy_yx,0.05,19.6239,4.77115
4,4,uniform,xy_yx,0.1,20.0815,4.7615
4,4,uniform,xy_yx,0.15,20.4638,4.72899
4,4,uniform,xy_yx,0.2,20.999,4.7244
4,4,uniform,xy_yx,0.25,21.7204,4.75563
4,4,uniform,xy_yx,0.3,22.339,4.74769
4,4,uniform,xy_yx,0.35,23.2322,4.76426
4,4,uniform,xy_yx,0.4,24.067,4.74845
4,4,uniform,xy_yx,0.45,25.2554,4.74538
4,4,uniform,xy_yx,0.5,26.6742,4.75817
4,4,uniform,xy_yx,0.55,28.1769,4.74934
4,4,uniform,xy_yx,0.6,30.2109,4.76492
4,4,uniform,xy_yx,0.65,32.5793,4.74166
4,4,uniform,xy_yx,0.7,35.549,4.74738
4,4,uniform,xy_yx,0.75,40.2128,4.76144
4,4,uniform,xy_yx,0.8,46.7042,4.75811
4,4,uniform,xy_yx,0.85,56.8763,4.74949
4,4,uniform,xy_yx,0.9,79.1498,4.75358
4,4,uniform,xy_yx,0.95,180.881,4.76107
4,4,uniform,min_adapt,0.05,19.4702,4.72821
4,4,uniform,min_adapt,0.1,19.8848,4.73217
4,4,uniform,min_adapt,0.15,20.3887,4.73548
4,4,uniform,min_adapt,0.2,21.0076,4.79802
4,4,uniform,min_adapt,0.25,21.4852,4.76883
4,4,uniform,min_adapt,0.3,21.95,4.75506
4,4,uniform,min_adapt,0.35,22.6199,4.74209
4,4,uniform,min_adapt,0.4,23.5429,4.76519
4,4,uniform,min_adapt,0.45,24.4783,4.73745
4,4,uniform,min_adapt,0.5,25.7748,4.75867
4,4,uniform,min_adapt,0.55,27.1909,4.7588
4,4,uniform,min_adapt,0.6,28.8922,4.73953
4,4,uniform,min_adapt,0.65,31.0809,4.75207
4,4,uniform,min_adapt,0.7,34.131,4.76478
4,4,uniform,min_adapt,0.75,38.0436,4.74508
4,4,uniform,min_adapt,0.8,44.0233,4.75912
4,4,uniform,min_adapt,0.85,53.6371,4.75647
4,4,uniform,min_adapt,0.9,72.7539,4.75383
4,4,uniform,min_adapt,0.95,126.074,4.73973
4,4,neighbor,dor,0.05,21.5337,5.48819
4,4,neighbor,dor,0.1,21.6758,5.50063
4,4,neighbor,dor,0.15,21.7453,5.49607
4,4,neighbor,dor,0.2,21.8465,5.49026
4,4,neighbor,dor,0.25,22.0576,5.51142
4,4,neighbor,dor,0.3,22.1578,5.50525
4,4,neighbor,dor,0.35,22.2293,5.48334
4,4,neighbor,dor,0.4,22.4977,5.50514
4,4,neighbor,dor,0.45,22.7361,5.4965
4,4,neighbor,dor,0.5,23.0067,5.50125
4,4,neighbor,dor,0.55,23.2812,5.48664
4,4,neighbor,dor,0.6,23.7403,5.50698
4,4,neighbor,dor,0.65,24.2796,5.50727
4,4,neighbor,dor,0.7,24.9339,5.49256
4,4,neighbor,dor,0.75,26.0639,5.50956
4,4,neighbor,dor,0.8,27.6256,5.50099
4,4,neighbor,dor,0.85,29.8656,5.51156
4,4,neighbor,dor,0.9,34.7511,5.4999
4,4,neighbor,dor,0.95,51.35,5.50308
4,4,allreduce,dor,0.05,11.149,2.02662
4,4,allreduce,dor,0.1,11.2752,2.03377
4,4,allreduce,dor,0.15,11.3647,2.03588
4,4,allreduce,dor,0.2,11.466,2.03011
4,4,allreduce,dor,0.25,11.6036,2.02674
4,4,allreduce,dor,0.3,11.7393,2.03242
4,4,allreduce,dor,0.35,11.8805,2.03373
4,4,allreduce,dor,0.4,12.0696,2.0291
4,4,allreduce,dor,0.45,12.3486,2.03403
4,4,allreduce,dor,0.5,12.594,2.03036
4,4,allreduce,dor,0.55,12.9187,2.03247
4,4,allreduce,dor,0.6,13.3091,2.02992
4,4,allreduce,dor,0.65,13.8504,2.03087
4,4,allreduce,dor,0.7,14.5502,2.0313
4,4,allreduce,dor,0.75,15.622,2.02894
4,4,allreduce,dor,0.8,17.2097,2.02899
4,4,allreduce,dor,0.85,19.4262,2.03175
4,4,allreduce,dor,0.9,24.3473,2.03197
4,4,allreduce,dor,0.95,40.9358,2.03169
4,8,uniform,dor,0.05,23.9305,4.7377
4,8,uniform,dor,0.1,24.7708,4.76094
4,8,uniform,dor,0.15,25.8026,4.77226
4,8,uniform,dor,0.2,26.9536,4.749
4,8,uniform,dor,0.25,28.3296,4.74737
4,8,uniform,dor,0.3,29.7636,4.76677
4,8,uniform,dor,0.35,31.5323,4.7701
4,8,uniform,dor,0.4,33.2911,4.77885
4,8,uniform,dor,0.45,35.322,4.76763
4,8,uniform,dor,0.5,37.5604,4.75609
4,8,uniform,dor,0.55,41.2218,4.77573
4,8,uniform,dor,0.6,44.852,4.75206
4,8,uniform,dor,0.65,49.366,4.75504
4,8,uniform,dor,0.7,55.2988,4.73143
4,8,uniform,dor,0.75,63.9386,4.73605
4,8,uniform,dor,0.8,77.297,4.77265
4,8,uniform,dor,0.85,101.164,4.75311
4,8,uniform,dor,0.9,145.504,4.76495
4,8,uniform,dor,0.95,345.888,4.74823
4,8,uniform,xy_yx,0.05,23.9895,4.72721
4,8,uniform,xy_yx,0.1,24.9678,4.73691
4,8,uniform,xy_yx,0.15,26.5043,4.808
4,8,uniform,xy_yx,0.2,27.6629,4.77283
4,8,uniform,xy_yx,0.25,28.989,4.74654
4,8,uniform,xy_yx,0.3,30.6944,4.7439
4,8,uniform,xy_yx,0.35,32.4394,4.75656
4,8,uniform,xy_yx,0.4,34.4506,4.73866
4,8,uniform,xy_yx,0.45,37.2926,4.76515
4,8,uniform,xy_yx,0.5,39.7427,4.75874
4,8,uniform,xy_yx,0.55,43.1772,4.76066
4,8,uniform,xy_yx,0.6,47.5892,4.74943
4,8,uniform,xy_yx,0.65,52.1288,4.74445
4,8,uniform,xy_yx,0.7,59.1493,4.74894
4,8,uniform,xy_yx,0.75,69.4248,4.74446
4,8,uniform,xy_yx,0.8,83.6921,4.7258
4,8,uniform,xy_yx,0.85,107.511,4.74779
4,8,uniform,xy_yx,0.9,194.524,4.74511
4,8,uniform,xy_yx,0.95,411.665,4.75018
4,8,uniform,min_adapt,0.05,23.9305,4.7377
4,8,uniform,min_adapt,0.1,24.7708,4.76094
4,8,uniform,min_adapt,0.15,25.804,4.77226
4,8,uniform,min_adapt,0.2,26.9511,4.749
4,8,uniform,min_adapt,0.25,28.3285,4.74737
4,8,uniform,min_adapt,0.3,29.7681,4.76677
4,8,uniform,min_adapt,0.35,31.5406,4.7701
4,8,uniform,min_adapt,0.4,33.2953,4.77885
4,8,uniform,min_adapt,0.45,35.3331,4.76763
4,8,uniform,min_adapt,0.5,37.5443,4.75609
4,8,uniform,min_adapt,0.55,41.2288,4.77573
4,8,uniform,min_adapt,0.6,44.8912,4.75206
4,8,uniform,min_adapt,0.65,49.4867,4.75504
4,8,uniform,min_adapt,0.7,56.5669,4.76504
4,8,uniform,min_adapt,0.75,63.6158,4.7472
4,8,uniform,min_adapt,0.8,77.2663,4.76353
4,8,uniform,min_adapt,0.85,98.1965,4.74845
4,8,uniform,min_adapt,0.9,148.588,4.75144
4,8,uniform,min_adapt,0.95,364.276,4.75923
4,8,neighbor,dor,0.05,25.6033,5.47934
4,8,neighbor,dor,0.1,25.8768,5.51588
4,8,neighbor,dor,0.15,26.1106,5.49745
4,8,neighbor,dor,0.2,26.3269,5.48872
4,8,neighbor,dor,0.25,26.6177,5.48106
4,8,neighbor,dor,0.3,27.055,5.49966
4,8,neighbor,dor,0.35,27.3992,5.49029
4,8,neighbor,dor,0.4,27.959,5.5303
4,8,neighbor,dor,0.45,28.2768,5.48721
4,8,neighbor,dor,0.5,28.9349,5.50704
4,8,neighbor,dor,0.55,29.897,5.51269
4,8,neighbor,dor,0.6,30.7857,5.50774
4,8,neighbor,dor,0.65,31.9343,5.50048
4,8,neighbor,dor,0.7,33.7744,5.51163
4,8,neighbor,dor,0.75,36.0591,5.49784
4,8,neighbor,dor,0.8,38.9177,5.50122
4,8,neighbor,dor,0.85,44.1873,5.49161
4,8,neighbor,dor,0.9,55.4409,5.51485
4,8,neighbor,dor,0.95,77.032,5.50559
4,8,allreduce,dor,0.05,15.2479,2.02754
4,8,allreduce,dor,0.1,15.4219,2.0309
4,8,allreduce,dor,0.15,15.7067,2.0295
4,8,allreduce,dor,0.2,15.957,2.03206
4,8,allreduce,dor,0.25,16.2747,2.03337
4,8,allreduce,dor,0.3,16.6643,2.03609
4,8,allreduce,dor,0.35,17.0095,2.02707
4,8,allreduce,dor,0.4,17.4596,2.0305
4,8,allreduce,dor,0.45,17.9076,2.03081
4,8,allreduce,dor,0.5,18.5132,2.03315
4,8,allreduce,dor,0.55,19.4498,2.0303
4,8,allreduce,dor,0.6,20.365,2.03415
4,8,allreduce,dor,0.65,21.5232,2.03011
4,8,allreduce,dor,0.7,23.3416,2.03403
4,8,allreduce,dor,0.75,25.6571,2.03051
4,8,allreduce,dor,0.8,28.2481,2.02963
4,8,allreduce,dor,0.85,33.8056,2.03102
4,8,allreduce,dor,0.9,44.9858,2.02983
4,8,allreduce,dor,0.95,66.6079,2.0309
4,16,uniform,dor,0.05,32.9372,4.69619
4,16,uniform,dor,0.1,34.7169,4.74509
4,16,uniform,dor,0.15,37.4008,4.73472
4,16,uniform,dor,0.2,39.3026,4.75697
4,16,uniform,dor,0.25,42.4404,4.7771
4,16,uniform,dor,0.3,44.989,4.81818
4,16,uniform,dor,0.35,49.3772,4.78374
4,16,uniform,dor,0.4,53.7609,4.80198
4,16,uniform,dor,0.45,58.869,4.72597
4,16,uniform,dor,0.5,62.925,4.74497
4,16,uniform,dor,0.55,72.3255,4.76726
4,16,uniform,dor,0.6,80.3244,4.76985
4,16,uniform,dor,0.65,95.2397,4.76247
4,16,uniform,dor,0.7,114.639,4.75152
4,16,uniform,dor,0.75,166.137,4.74473
4,16,uniform,dor,0.8,252.945,4.7453
4,16,uniform,dor,0.85,491.193,4.73758
4,16,uniform,dor,0.9,nan,nan
4,16,uniform,dor,0.95,nan,nan
4,16,uniform,xy_yx,0.05,33.5922,4.76519
4,16,uniform,xy_yx,0.1,35.5845,4.77851
4,16,uniform,xy_yx,0.15,37.7266,4.72722
4,16,uniform,xy_yx,0.2,40.0559,4.71638
4,16,uniform,xy_yx,0.25,43.6743,4.69769
4,16,uniform,xy_yx,0.3,47.3985,4.74603
4,16,uniform,xy_yx,0.35,52.4747,4.76699
4,16,uniform,xy_yx,0.4,55.8831,4.7598
4,16,uniform,xy_yx,0.45,63.21,4.79713
4,16,uniform,xy_yx,0.5,68.9212,4.78711
4,16,uniform,xy_yx,0.55,76.5676,4.73459
4,16,uniform,xy_yx,0.6,90.5592,4.75487
4,16,uniform,xy_yx,0.65,106.224,4.75437
4,16,uniform,xy_yx,0.7,127.244,4.75852
4,16,uniform,xy_yx,0.75,174.946,4.73709
4,16,uniform,xy_yx,0.8,315.967,4.76699
4,16,uniform,xy_yx,0.85,nan,nan
4,16,uniform,xy_yx,0.9,nan,nan
4,16,uniform,xy_yx,0.95,nan,nan
4,16,uniform,min_adapt,0.05,32.9372,4.69619
4,16,uniform,min_adapt,0.1,34.7182,4.74509
4,16,uniform,min_adapt,0.15,37.3962,4.73472
4,16,uniform,min_adapt,0.2,39.1942,4.74625
4,16,uniform,min_adapt,0.25,42.3016,4.78329
4,16,uniform,min_adapt,0.3,45.0737,4.76531
4,16,uniform,min_adapt,0.35,49.5285,4.81149
4,16,uniform,min_adapt,0.4,53.1047,4.76975
4,16,uniform,min_adapt,0.45,57.4184,4.76792
4,16,uniform,min_adapt,0.5,64.4639,4.76255
4,16,uniform,min_adapt,0.55,71.0681,4.73002
4,16,uniform,min_adapt,0.6,82.7944,4.76975
4,16,uniform,min_adapt,0.65,93.6706,4.75734
4,16,uniform,min_adapt,0.7,120.939,4.75396
4,16,uniform,min_adapt,0.75,153.801,4.73361
4,16,uniform,min_adapt,0.8,243.745,4.76808
4,16,uniform,min_adapt,0.85,nan,nan
4,16,uniform,min_adapt,0.9,nan,nan
4,16,uniform,min_adapt,0.95,nan,nan
4,16,neighbor,dor,0.05,34.1287,5.56952
4,16,neighbor,dor,0.1,34.1081,5.48362
4,16,neighbor,dor,0.15,34.6246,5.49481
4,16,neighbor,dor,0.2,35.2045,5.4685
4,16,neighbor,dor,0.25,36.0411,5.50476
4,16,neighbor,dor,0.3,36.6074,5.4915
4,16,neighbor,dor,0.35,37.3267,5.50288
4,16,neighbor,dor,0.4,38.3273,5.50632
4,16,neighbor,dor,0.45,39.6895,5.52965
4,16,neighbor,dor,0.5,41.2815,5.52256
4,16,neighbor,dor,0.55,43.4491,5.51852
4,16,neighbor,dor,0.6,44.7533,5.47766
4,16,neighbor,dor,0.65,48.3023,5.5136
4,16,neighbor,dor,0.7,52.4759,5.51119
4,16,neighbor,dor,0.75,56.3156,5.48197
4,16,neighbor,dor,0.8,64.0948,5.48983
4,16,neighbor,dor,0.85,81.5721,5.48088
4,16,neighbor,dor,0.9,101.951,5.52484
4,16,neighbor,dor,0.95,145.65,5.48997
4,16,allreduce,dor,0.05,23.482,2.0206
4,16,allreduce,dor,0.1,23.7163,2.01966
4,16,allreduce,dor,0.15,24.2578,2.03922
4,16,allreduce,dor,0.2,24.9096,2.03686
4,16,allreduce,dor,0.25,25.6185,2.03057
4,16,allreduce,dor,0.3,26.2503,2.03912
4,16,allreduce,dor,0.35,26.9204,2.03413
4,16,allreduce,dor,0.4,27.8374,2.03315
4,16,allreduce,dor,0.45,29.1777,2.02574
4,16,allreduce,dor,0.5,30.8137,2.03329
4,16,allreduce,dor,0.55,32.9924,2.03297
4,16,allreduce,dor,0.6,34.4151,2.03162
4,16,allreduce,dor,0.65,37.858,2.03217
4,16,allreduce,dor,0.7,42.0401,2.03259
4,16,allreduce,dor,0.75,45.9649,2.03176
4,16,allreduce,dor,0.8,53.7181,2.03095
4,16,allreduce,dor,0.85,71.2303,2.03359
4,16,allreduce,dor,0.9,91.4842,2.03576
4,16,allreduce,dor,0.95,135.28,2.03342
4,32,uniform,dor,0.05,51.3289,4.80848
4,32,uniform,dor,0.1,55.7541,4.73045
4,32,uniform,dor,0.15,59.2059,4.72077
4,32,uniform,dor,0.2,65.9299,4.69941
4,32,uniform,dor,0.25,71.9313,4.7441
4,32,uniform,dor,0.3,78.427,4.78046
4,32,uniform,dor,0.35,87.2536,4.75478
4,32,uniform,dor,0.4,96.8393,4.71406
4,32,uniform,dor,0.45,112.157,4.75321
4,32,uniform,dor,0.5,128.957,4.75165
4,32,uniform,dor,0.55,157.315,4.74354
4,32,uniform,dor,0.6,206.127,4.72285
4,32,uniform,dor,0.65,350.484,4.78303
4,32,uniform,dor,0.7,nan,nan
4,32,uniform,dor,0.75,nan,nan
4,32,uniform,dor,0.8,nan,nan
4,32,uniform,dor,0.85,nan,nan
4,32,uniform,dor,0.9,nan,nan
4,32,uniform,dor,0.95,nan,nan
4,32,uniform,xy_yx,0.05,51.4956,4.71345
4,32,uniform,xy_yx,0.1,56.8261,4.83951
4,32,uniform,xy_yx,0.15,62.6585,4.77467
4,32,uniform,xy_yx,0.2,68.0688,4.84676
4,32,uniform,xy_yx,0.25,77.0435,4.7847
4,32,uniform,xy_yx,0.3,84.7845,4.7691
4,32,uniform,xy_yx,0.35,94.102,4.71392
4,32,uniform,xy_yx,0.4,105.067,4.71523
4,32,uniform,xy_yx,0.45,121.577,4.76334
4,32,uniform,xy_yx,0.5,143.04,4.72577
4,32,uniform,xy_yx,0.55,187.49,4.73448
4,32,uniform,xy_yx,0.6,261.06,4.73545
4,32,uniform,xy_yx,0.65,nan,nan
4,32,uniform,xy_yx,0.7,nan,nan
4,32,uniform,xy_yx,0.75,nan,nan
4,32,uniform,xy_yx,0.8,nan,nan
4,32,uniform,xy_yx,0.85,nan,nan
4,32,uniform,xy_yx,0.9,nan,nan
4,32,uniform,xy_yx,0.95,nan,nan
4,32,uniform,min_adapt,0.05,51.3289,4.80848
4,32,uniform,min_adapt,0.1,55.7541,4.73045
4,32,uniform,min_adapt,0.15,59.2086,4.72077
4,32,uniform,min_adapt,0.2,65.5573,4.68369
4,32,uniform,min_adapt,0.25,71.4984,4.75524
4,32,uniform,min_adapt,0.3,78.5861,4.7578
4,32,uniform,min_adapt,0.35,85.7341,4.73377
4,32,uniform,min_adapt,0.4,98.2143,4.75934
4,32,uniform,min_adapt,0.45,111.54,4.79218
4,32,uniform,min_adapt,0.5,130.158,4.75057
4,32,uniform,min_adapt,0.55,161.117,4.75631
4,32,uniform,min_adapt,0.6,206.961,4.71971
4,32,uniform,min_adapt,0.65,355.832,4.76922
4,32,uniform,min_adapt,0.7,nan,nan
4,32,uniform,min_adapt,0.75,nan,nan
4,32,uniform,min_adapt,0.8,nan,nan
4,32,uniform,min_adapt,0.85,nan,nan
4,32,uniform,min_adapt,0.9,nan,nan
4,32,uniform,min_adapt,0.95,nan,nan
4,32,neighbor,dor,0.05,50.383,5.58772
4,32,neighbor,dor,0.1,51.0833,5.50823
4,32,neighbor,dor,0.15,51.7703,5.55633
4,32,neighbor,dor,0.2,52.8926,5.45907
4,32,neighbor,dor,0.25,54.7047,5.53298
4,32,neighbor,dor,0.3,57.1995,5.48591
4,32,neighbor,dor,0.35,57.4081,5.45713
4,32,neighbor,dor,0.4,59.2077,5.47778
4,32,neighbor,dor,0.45,61.1624,5.52656
4,32,neighbor,dor,0.5,65.6814,5.47514
4,32,neighbor,dor,0.55,67.6393,5.4733
4,32,neighbor,dor,0.6,72.5085,5.50728
4,32,neighbor,dor,0.65,79.3301,5.51724
4,32,neighbor,dor,0.7,86.1479,5.51751
4,32,neighbor,dor,0.75,96.3883,5.49645
4,32,neighbor,dor,0.8,108.972,5.49089
4,32,neighbor,dor,0.85,130.618,5.49025
4,32,neighbor,dor,0.9,171.792,5.47937
4,32,neighbor,dor,0.95,250.872,5.5137
4,32,allreduce,dor,0.05,39.7339,2.03801
4,32,allreduce,dor,0.1,40.6389,2.02675
4,32,allreduce,dor,0.15,41.1694,2.02271
4,32,allreduce,dor,0.2,42.5743,2.01965
4,32,allreduce,dor,0.25,44.1937,2.02932
4,32,allreduce,dor,0.3,46.8246,2.0276
4,32,allreduce,dor,0.35,47.1161,2.02646
4,32,allreduce,dor,0.4,48.859,2.02821
4,32,allreduce,dor,0.45,50.6555,2.02428
4,32,allreduce,dor,0.5,55.3534,2.03247
4,32,allreduce,dor,0.55,57.3152,2.03192
4,32,allreduce,dor,0.6,62.069,2.02742
4,32,allreduce,dor,0.65,68.8737,2.03177
4,32,allreduce,dor,0.7,75.6889,2.03116
4,32,allreduce,dor,0.75,85.9722,2.02442
4,32,allreduce,dor,0.8,96.6641,2.0303
4,32,allreduce,dor,0.85,120.227,2.02671
4,32,allreduce,dor,0.9,161.445,2.0305
4,32,allreduce,dor,0.95,240.425,2.03135
4,64,uniform,dor,0.05,87.2857,4.94118
4,64,uniform,dor,0.1,94.9898,4.67789
4,64,uniform,dor,0.15,107.504,4.75337
4,64,uniform,dor,0.2,118.291,4.66701
4,64,uniform,dor,0.25,133.988,4.68666
4,64,uniform,dor,0.3,150.028,4.80973
4,64,uniform,dor,0.35,180.343,4.78386
4,64,uniform,dor,0.4,215.174,4.79049
4,64,uniform,dor,0.45,300.642,4.76571
4,64,uniform,dor,0.5,411.298,4.74279
4,64,uniform,dor,0.55,nan,nan
4,64,uniform,dor,0.6,nan,nan
4,64,uniform,dor,0.65,nan,nan
4,64,uniform,dor,0.7,nan,nan
4,64,uniform,dor,0.75,nan,nan
4,64,uniform,dor,0.8,nan,nan
4,64,uniform,dor,0.85,nan,nan
4,64,uniform,dor,0.9,nan,nan
4,64,uniform,dor,0.95,nan,nan
4,64,uniform,xy_yx,0.05,88.0711,4.79916
4,64,uniform,xy_yx,0.1,101.493,4.72222
4,64,uniform,xy_yx,0.15,119.628,4.77554
4,64,uniform,xy_yx,0.2,130.667,4.75926
4,64,uniform,xy_yx,0.25,155.219,4.74922
4,64,uniform,xy_yx,0.3,169.108,4.72798
4,64,uniform,xy_yx,0.35,195.081,4.70953
4,64,uniform,xy_yx,0.4,230.208,4.66474
4,64,uniform,xy_yx,0.45,330.733,4.69888
4,64,uniform,xy_yx,0.5,532.957,4.75594
4,64,uniform,xy_yx,0.55,nan,nan
4,64,uniform,xy_yx,0.6,nan,nan
4,64,uniform,xy_yx,0.65,nan,nan
4,64,uniform,xy_yx,0.7,nan,nan
4,64,uniform,xy_yx,0.75,nan,nan
4,64,uniform,xy_yx,0.8,nan,nan
4,64,uniform,xy_yx,0.85,nan,nan
4,64,uniform,xy_yx,0.9,nan,nan
4,64,uniform,xy_yx,0.95,nan,nan
4,64,uniform,min_adapt,0.05,87.2857,4.94118
4,64,uniform,min_adapt,0.1,94.9898,4.67789
4,64,uniform,min_adapt,0.15,107.504,4.75337
4,64,uniform,min_adapt,0.2,117.977,4.68519
4,64,uniform,min_adapt,0.25,133.989,4.68666
4,64,uniform,min_adapt,0.3,150.75,4.81109
4,64,uniform,min_adapt,0.35,179.62,4.80977
4,64,uniform,min_adapt,0.4,213.335,4.74648
4,64,uniform,min_adapt,0.45,316.349,4.74188
4,64,uniform,min_adapt,0.5,398.851,4.72078
4,64,uniform,min_adapt,0.55,nan,nan
4,64,uniform,min_adapt,0.6,nan,nan
4,64,uniform,min_adapt,0.65,nan,nan
4,64,uniform,min_adapt,0.7,nan,nan
4,64,uniform,min_adapt,0.75,nan,nan
4,64,uniform,min_adapt,0.8,nan,nan
4,64,uniform,min_adapt,0.85,nan,nan
4,64,uniform,min_adapt,0.9,nan,nan
4,64,uniform,min_adapt,0.95,nan,nan
4,64,neighbor,dor,0.05,83.0462,5.40336
4,64,neighbor,dor,0.1,85.4553,5.60469
4,64,neighbor,dor,0.15,86.3733,5.53639
4,64,neighbor,dor,0.2,88.6125,5.54368
4,64,neighbor,dor,0.25,91.7835,5.50947
4,64,neighbor,dor,0.3,94.757,5.55594
4,64,neighbor,dor,0.35,96.5153,5.49367
4,64,neighbor,dor,0.4,99.2007,5.55961
4,64,neighbor,dor,0.45,105.176,5.54121
4,64,neighbor,dor,0.5,113.719,5.54815
4,64,neighbor,dor,0.55,116.266,5.50163
4,64,neighbor,dor,0.6,129.544,5.53121
4,64,neighbor,dor,0.65,139.403,5.51773
4,64,neighbor,dor,0.7,150.965,5.45213
4,64,neighbor,dor,0.75,157.252,5.46854
4,64,neighbor,dor,0.8,190.387,5.50031
4,64,neighbor,dor,0.85,243.118,5.47329
4,64,neighbor,dor,0.9,334.024,5.54426
4,64,neighbor,dor,0.95,391.396,5.46465
4,64,allreduce,dor,0.05,72.9622,2.04202
4,64,allreduce,dor,0.1,74.7555,2.03807
4,64,allreduce,dor,0.15,75.8046,2.01348
4,64,allreduce,dor,0.2,78.0617,2.02672
4,64,allreduce,dor,0.25,81.3588,2.03457
4,64,allreduce,dor,0.3,84.1626,2.02448
4,64,allreduce,dor,0.35,86.1281,2.03127
4,64,allreduce,dor,0.4,88.6078,2.02866
4,64,allreduce,dor,0.45,94.6357,2.02767
4,64,allreduce,dor,0.5,103.146,2.02395
4,64,allreduce,dor,0.55,105.873,2.03719
4,64,allreduce,dor,0.6,119.056,2.03519
4,64,allreduce,dor,0.65,128.938,2.0296
4,64,allreduce,dor,0.7,140.709,2.0337
4,64,allreduce,dor,0.75,146.937,2.03012
4,64,allreduce,dor,0.8,179.981,2.03174
4,64,allreduce,dor,0.85,232.808,2.03638
4,64,allreduce,dor,0.9,323.485,2.03121
4,64,allreduce,dor,0.95,381.099,2.0322
4,128,uniform,dor,0.05,164.602,5.1747
4,128,uniform,dor,0.1,173.514,4.67007
4,128,uniform,dor,0.15,199.547,4.87059
4,128,uniform,dor,0.2,248.907,4.8928
4,128,uniform,dor,0.25,262.577,4.79302
4,128,uniform,dor,0.3,320.734,4.7583
4,128,uniform,dor,0.35,440.418,4.71396
4,128,uniform,dor,0.4,556.759,4.73945
4,128,uniform,dor,0.45,nan,nan
4,128,uniform,dor,0.5,nan,nan
4,128,uniform,dor,0.55,nan,nan
4,128,uniform,dor,0.6,nan,nan
4,128,uniform,dor,0.65,nan,nan
4,128,uniform,dor,0.7,nan,nan
4,128,uniform,dor,0.75,nan,nan
4,128,uniform,dor,0.8,nan,nan
4,128,uniform,dor,0.85,nan,nan
4,128,uniform,dor,0.9,nan,nan
4,128,uniform,dor,0.95,nan,nan
4,128,uniform,xy_yx,0.05,163.494,5.05422
4,128,uniform,xy_yx,0.1,197.28,4.82935
4,128,uniform,xy_yx,0.15,215.379,4.77407
4,128,uniform,xy_yx,0.2,266.324,4.71241
4,128,uniform,xy_yx,0.25,302.893,4.74385
4,128,uniform,xy_yx,0.3,352.898,4.7231
4,128,uniform,xy_yx,0.35,506.728,4.6959
4,128,uniform,xy_yx,0.4,nan,nan
4,128,uniform,xy_yx,0.45,nan,nan
4,128,uniform,xy_yx,0.5,nan,nan
4,128,uniform,xy_yx,0.55,nan,nan
4,128,uniform,xy_yx,0.6,nan,nan
4,128,uniform,xy_yx,0.65,nan,nan
4,128,uniform,xy_yx,0.7,nan,nan
4,128,uniform,xy_yx,0.75,nan,nan
4,128,uniform,xy_yx,0.8,nan,nan
4,128,uniform,xy_yx,0.85,nan,nan
4,128,uniform,xy_yx,0.9,nan,nan
4,128,uniform,xy_yx,0.95,nan,nan
4,128,uniform,min_adapt,0.05,164.602,5.1747
4,128,uniform,min_adapt,0.1,173.514,4.67007
4,128,uniform,min_adapt,0.15,199.547,4.87059
4,128,uniform,min_adapt,0.2,248.907,4.8928
4,128,uniform,min_adapt,0.25,262.827,4.79302
4,128,uniform,min_adapt,0.3,324.886,4.7672
4,128,uniform,min_adapt,0.35,421.473,4.67731
4,128,uniform,min_adapt,0.4,579.967,4.77833
4,128,uniform,min_adapt,0.45,nan,nan
4,128,uniform,min_adapt,0.5,nan,nan
4,128,uniform,min_adapt,0.55,nan,nan
4,128,uniform,min_adapt,0.6,nan,nan
4,128,uniform,min_adapt,0.65,nan,nan
4,128,uniform,min_adapt,0.7,nan,nan
4,128,uniform,min_adapt,0.75,nan,nan
4,128,uniform,min_adapt,0.8,nan,nan
4,128,uniform,min_adapt,0.85,nan,nan
4,128,uniform,min_adapt,0.9,nan,nan
4,128,uniform,min_adapt,0.95,nan,nan
4,128,neighbor,dor,0.05,145.759,5.48193
4,128,neighbor,dor,0.1,150.177,5.55102
4,128,neighbor,dor,0.15,154.657,5.51575
4,128,neighbor,dor,0.2,157.179,5.52786
4,128,neighbor,dor,0.25,167.736,5.45215
4,128,neighbor,dor,0.3,175.677,5.50938
4,128,neighbor,dor,0.35,181.699,5.39841
4,128,neighbor,dor,0.4,192.473,5.34783
4,128,neighbor,dor,0.45,198.873,5.4625
4,128,neighbor,dor,0.5,212.474,5.52644
4,128,neighbor,dor,0.55,223.293,5.41133
4,128,neighbor,dor,0.6,243.049,5.4576
4,128,neighbor,dor,0.65,261.11,5.47792
4,128,neighbor,dor,0.7,280.634,5.56038
4,128,neighbor,dor,0.75,330.754,5.47879
4,128,neighbor,dor,0.8,336.332,5.55205
4,128,neighbor,dor,0.85,401.463,5.51402
4,128,neighbor,dor,0.9,497.571,5.5098
4,128,neighbor,dor,0.95,nan,nan
4,128,allreduce,dor,0.05,135.386,2.0241
4,128,allreduce,dor,0.1,139.403,2.0
4,128,allreduce,dor,0.15,144.217,2.03543
4,128,allreduce,dor,0.2,146.727,2.04399
4,128,allreduce,dor,0.25,157.528,2.0495
4,128,allreduce,dor,0.3,165.269,2.04021
4,128,allreduce,dor,0.35,171.588,2.02789
4,128,allreduce,dor,0.4,182.499,2.02302
4,128,allreduce,dor,0.45,188.625,2.04643
4,128,allreduce,dor,0.5,201.972,2.02604
4,128,allreduce,dor,0.55,213.121,2.02043
4,128,allreduce,dor,0.6,231.407,2.03024
4,128,allreduce,dor,0.65,250.723,2.01577
4,128,allreduce,dor,0.7,270.04,2.02892
4,128,allreduce,dor,0.75,320.395,2.02559
4,128,allreduce,dor,0.8,325.748,2.02397
4,128,allreduce,dor,0.85,394.249,2.02771
4,128,allreduce,dor,0.9,487.127,2.02832
4,128,allreduce,dor,0.95,nan,nan
4,256,uniform,dor,0.05,311.651,4.89157
4,256,uniform,dor,0.1,331.537,4.70122
4,256,uniform,dor,0.15,388.609,4.88538
4,256,uniform,dor,0.2,425.736,4.76271
4,256,uniform,dor,0.25,542.665,4.76596
4,256,uniform,dor,0.3,nan,nan
4,256,uniform,dor,0.35,nan,nan
4,256,uniform,dor,0.4,nan,nan
4,256,uniform,dor,0.45,nan,nan
4,256,uniform,dor,0.5,nan,nan
4,256,uniform,dor,0.55,nan,nan
4,256,uniform,dor,0.6,nan,nan
4,256,uniform,dor,0.65,nan,nan
4,256,uniform,dor,0.7,nan,nan
4,256,uniform,dor,0.75,nan,nan
4,256,uniform,dor,0.8,nan,nan
4,256,uniform,dor,0.85,nan,nan
4,256,uniform,dor,0.9,nan,nan
4,256,uniform,dor,0.95,nan,nan
4,256,uniform,xy_yx,0.05,332.373,4.75904
4,256,uniform,xy_yx,0.1,358.329,4.87195
4,256,uniform,xy_yx,0.15,464.227,4.875
4,256,uniform,xy_yx,0.2,576.697,4.76012
4,256,uniform,xy_yx,0.25,637.904,4.77867
4,256,uniform,xy_yx,0.3,nan,nan
4,256,uniform,xy_yx,0.35,nan,nan
4,256,uniform,xy_yx,0.4,nan,nan
4,256,uniform,xy_yx,0.45,nan,nan
4,256,uniform,xy_yx,0.5,nan,nan
4,256,uniform,xy_yx,0.55,nan,nan
4,256,uniform,xy_yx,0.6,nan,nan
4,256,uniform,xy_yx,0.65,nan,nan
4,256,uniform,xy_yx,0.7,nan,nan
4,256,uniform,xy_yx,0.75,nan,nan
4,256,uniform,xy_yx,0.8,nan,nan
4,256,uniform,xy_yx,0.85,nan,nan
4,256,uniform,xy_yx,0.9,nan,nan
4,256,uniform,xy_yx,0.95,nan,nan
4,256,uniform,min_adapt,0.05,311.651,4.89157
4,256,uniform,min_adapt,0.1,331.537,4.70122
4,256,uniform,min_adapt,0.15,388.609,4.88538
4,256,uniform,min_adapt,0.2,425.736,4.76271
4,256,uniform,min_adapt,0.25,542.665,4.76596
4,256,uniform,min_adapt,0.3,nan,nan
4,256,uniform,min_adapt,0.35,nan,nan
4,256,uniform,min_adapt,0.4,nan,nan
4,256,uniform,min_adapt,0.45,nan,nan
4,256,uniform,min_adapt,0.5,nan,nan
4,256,uniform,min_adapt,0.55,nan,nan
4,256,uniform,min_adapt,0.6,nan,nan
4,256,uniform,min_adapt,0.65,nan,nan
4,256,uniform,min_adapt,0.7,nan,nan
4,256,uniform,min_adapt,0.75,nan,nan
4,256,uniform,min_adapt,0.8,nan,nan
4,256,uniform,min_adapt,0.85,nan,nan
4,256,uniform,min_adapt,0.9,nan,nan
4,256,uniform,min_adapt,0.95,nan,nan
4,256,neighbor,dor,0.05,283.229,5.3494
4,256,neighbor,dor,0.1,291.554,5.68675
4,256,neighbor,dor,0.15,287.964,5.63347
4,256,neighbor,dor,0.2,303.253,5.66438
4,256,neighbor,dor,0.25,312.44,5.38462
4,256,neighbor,dor,0.3,331.417,5.49119
4,256,neighbor,dor,0.35,359.233,5.37463
4,256,neighbor,dor,0.4,384.812,5.53043
4,256,neighbor,dor,0.45,386.44,5.53488
4,256,neighbor,dor,0.5,401.595,5.54839
4,256,neighbor,dor,0.55,443.997,5.40517
4,256,neighbor,dor,0.6,483.961,5.32468
4,256,neighbor,dor,0.65,527.431,5.47259
4,256,neighbor,dor,0.7,546.231,5.49815
4,256,neighbor,dor,0.75,nan,nan
4,256,neighbor,dor,0.8,644.841,5.55928
4,256,neighbor,dor,0.85,nan,nan
4,256,neighbor,dor,0.9,nan,nan
4,256,neighbor,dor,0.95,nan,nan
4,256,allreduce,dor,0.05,273.398,2.07229
4,256,allreduce,dor,0.1,280.494,2.0
4,256,allreduce,dor,0.15,277.207,2.04781
4,256,allreduce,dor,0.2,292.301,2.0137
4,256,allreduce,dor,0.25,302.363,2.02564
4,256,allreduce,dor,0.3,321.025,2.0274
4,256,allreduce,dor,0.35,349.215,2.0354
4,256,allreduce,dor,0.4,374.316,2.03188
4,256,allreduce,dor,0.45,375.964,2.04293
4,256,allreduce,dor,0.5,391.071,2.04032
4,256,allreduce,dor,0.55,433.825,2.01437
4,256,allreduce,dor,0.6,473.352,2.02262
4,256,allreduce,dor,0.65,517.111,2.03259
4,256,allreduce,dor,0.7,535.847,2.0369
4,256,allreduce,dor,0.75,nan,nan
4,256,allreduce,dor,0.8,634.278,2.03832
4,256,allreduce,dor,0.85,nan,nan
4,256,allreduce,dor,0.9,nan,nan
4,256,allreduce,dor,0.95,nan,nan
4,512,uniform,dor,0.05,557.432,5.02703
4,512,uniform,dor,0.1,nan,nan
4,512,uniform,dor,0.15,773.528,4.816
4,512,uniform,dor,0.2,nan,nan
4,512,uniform,dor,0.25,nan,nan
4,512,uniform,dor,0.3,nan,nan
4,512,uniform,dor,0.35,nan,nan
4,512,uniform,dor,0.4,nan,nan
4,512,uniform,dor,0.45,nan,nan
4,512,uniform,dor,0.5,nan,nan
4,512,uniform,dor,0.55,nan,nan
4,512,uniform,dor,0.6,nan,nan
4,512,uniform,dor,0.65,nan,nan
4,512,uniform,dor,0.7,nan,nan
4,512,uniform,dor,0.75,nan,nan
4,512,uniform,dor,0.8,nan,nan
4,512,uniform,dor,0.85,nan,nan
4,512,uniform,dor,0.9,nan,nan
4,512,uniform,dor,0.95,nan,nan
4,512,uniform,xy_yx,0.05,578.162,4.54054
4,512,uniform,xy_yx,0.1,778.687,5.01205
4,512,uniform,xy_yx,0.15,nan,nan
4,512,uniform,xy_yx,0.2,nan,nan
4,512,uniform,xy_yx,0.25,nan,nan
4,512,uniform,xy_yx,0.3,nan,nan
4,512,uniform,xy_yx,0.35,nan,nan
4,512,uniform,xy_yx,0.4,nan,nan
4,512,uniform,xy_yx,0.45,nan,nan
4,512,uniform,xy_yx,0.5,nan,nan
4,512,uniform,xy_yx,0.55,nan,nan
4,512,uniform,xy_yx,0.6,nan,nan
4,512,uniform,xy_yx,0.65,nan,nan
4,512,uniform,xy_yx,0.7,nan,nan
4,512,uniform,xy_yx,0.75,nan,nan
4,512,uniform,xy_yx,0.8,nan,nan
4,512,uniform,xy_yx,0.85,nan,nan
4,512,uniform,xy_yx,0.9,nan,nan
4,512,uniform,xy_yx,0.95,nan,nan
4,512,uniform,min_adapt,0.05,557.432,5.02703
4,512,uniform,min_adapt,0.1,nan,nan
4,512,uniform,min_adapt,0.15,773.528,4.816
4,512,uniform,min_adapt,0.2,nan,nan
4,512,uniform,min_adapt,0.25,nan,nan
4,512,uniform,min_adapt,0.3,nan,nan
4,512,uniform,min_adapt,0.35,nan,nan
4,512,uniform,min_adapt,0.4,nan,nan
4,512,uniform,min_adapt,0.45,nan,nan
4,512,uniform,min_adapt,0.5,nan,nan
4,512,uniform,min_adapt,0.55,nan,nan
4,512,uniform,min_adapt,0.6,nan,nan
4,512,uniform,min_adapt,0.65,nan,nan
4,512,uniform,min_adapt,0.7,nan,nan
4,512,uniform,min_adapt,0.75,nan,nan
4,512,uniform,min_adapt,0.8,nan,nan
4,512,uniform,min_adapt,0.85,nan,nan
4,512,uniform,min_adapt,0.9,nan,nan
4,512,uniform,min_adapt,0.95,nan,nan
4,512,neighbor,dor,0.05,528.73,5.24324
4,512,neighbor,dor,0.1,556.59,5.3494
4,512,neighbor,dor,0.15,563.25,5.45161
4,512,neighbor,dor,0.2,578.259,5.54217
4,512,neighbor,dor,0.25,nan,nan
4,512,neighbor,dor,0.3,661.837,5.61089
4,512,neighbor,dor,0.35,678.815,5.49035
4,512,neighbor,dor,0.4,nan,nan
4,512,neighbor,dor,0.45,733.47,5.49405
4,512,neighbor,dor,0.5,796.07,5.41019
4,512,neighbor,dor,0.55,nan,nan
4,512,neighbor,dor,0.6,nan,nan
4,512,neighbor,dor,0.65,nan,nan
4,512,neighbor,dor,0.7,nan,nan
4,512,neighbor,dor,0.75,nan,nan
4,512,neighbor,dor,0.8,nan,nan
4,512,neighbor,dor,0.85,nan,nan
4,512,neighbor,dor,0.9,nan,nan
4,512,neighbor,dor,0.95,nan,nan
4,512,allreduce,dor,0.05,519.0,2.0
4,512,allreduce,dor,0.1,546.614,2.0241
4,512,allreduce,dor,0.15,553.089,2.06452
4,512,allreduce,dor,0.2,567.633,2.0
4,512,allreduce,dor,0.25,nan,nan
4,512,allreduce,dor,0.3,651.074,2.02335
4,512,allreduce,dor,0.35,668.483,2.04633
4,512,allreduce,dor,0.4,nan,nan
4,512,allreduce,dor,0.45,723.024,2.0119
4,512,allreduce,dor,0.5,785.968,2.0429
4,512,allreduce,dor,0.55,nan,nan
4,512,allreduce,dor,0.6,nan,nan
4,512,allreduce,dor,0.65,nan,nan
4,512,allreduce,dor,0.7,nan,nan
4,512,allreduce,dor,0.75,nan,nan
4,512,allreduce,dor,0.8,nan,nan
4,512,allreduce,dor,0.85,nan,nan
4,512,allreduce,dor,0.9,nan,nan
4,512,allreduce,dor,0.95,nan,nan
8,1,uniform,dor,0.05,28.8203,8.88832
8,1,uniform,dor,0.1,28.9414,8.86339
8,1,uniform,dor,0.15,29.2284,8.87458
8,1,uniform,dor,0.2,29.5373,8.86785
8,1,uniform,dor,0.25,30.0206,8.87525
8,1,uniform,dor,0.3,30.6972,8.87927
8,1,uniform,dor,0.35,31.7384,8.87943
8,1,uniform,dor,0.4,33.5953,8.87236
8,1,uniform,dor,0.45,38.323,8.87553
8,1,uniform,dor,0.5,110.097,8.87297
8,1,uniform,dor,0.55,nan,nan
8,1,uniform,dor,0.6,nan,nan
8,1,uniform,dor,0.65,nan,nan
8,1,uniform,dor,0.7,nan,nan
8,1,uniform,dor,0.75,nan,nan
8,1,uniform,dor,0.8,nan,nan
8,1,uniform,dor,0.85,nan,nan
8,1,uniform,dor,0.9,nan,nan
8,1,uniform,dor,0.95,nan,nan
8,1,uniform,xy_yx,0.05,28.782,8.86861
8,1,uniform,xy_yx,0.1,29.0097,8.87088
8,1,uniform,xy_yx,0.15,29.2986,8.87353
8,1,uniform,xy_yx,0.2,29.6602,8.87091
8,1,uniform,xy_yx,0.25,30.181,8.87178
8,1,uniform,xy_yx,0.3,30.9126,8.87739
8,1,uniform,xy_yx,0.35,32.021,8.86837
8,1,uniform,xy_yx,0.4,34.0716,8.87341
8,1,uniform,xy_yx,0.45,39.1524,8.87635
8,1,uniform,xy_yx,0.5,114.727,8.8736
8,1,uniform,xy_yx,0.55,nan,nan
8,1,uniform,xy_yx,0.6,nan,nan
8,1,uniform,xy_yx,0.65,nan,nan
8,1,uniform,xy_yx,0.7,nan,nan
8,1,uniform,xy_yx,0.75,nan,nan
8,1,uniform,xy_yx,0.8,nan,nan
8,1,uniform,xy_yx,0.85,nan,nan
8,1,uniform,xy_yx,0.9,nan,nan
8,1,uniform,xy_yx,0.95,nan,nan
8,1,uniform,min_adapt,0.05,28.82,8.88832
8,1,uniform,min_adapt,0.1,28.9407,8.86339
8,1,uniform,min_adapt,0.15,29.2284,8.87458
8,1,uniform,min_adapt,0.2,29.536,8.86785
8,1,uniform,min_adapt,0.25,30.0186,8.87525
8,1,uniform,min_adapt,0.3,30.6955,8.87927
8,1,uniform,min_adapt,0.35,31.7386,8.87943
8,1,uniform,min_adapt,0.4,33.5953,8.87236
8,1,uniform,min_adapt,0.45,38.323,8.87553
8,1,uniform,min_adapt,0.5,114.024,8.87286
8,1,uniform,min_adapt,0.55,nan,nan
8,1,uniform,min_adapt,0.6,nan,nan
8,1,uniform,min_adapt,0.65,nan,nan
8,1,uniform,min_adapt,0.7,nan,nan
8,1,uniform,min_adapt,0.75,nan,nan
8,1,uniform,min_adapt,0.8,nan,nan
8,1,uniform,min_adapt,0.85,nan,nan
8,1,uniform,min_adapt,0.9,nan,nan
8,1,uniform,min_adapt,0.95,nan,nan
8,1,neighbor,dor,0.05,20.7299,6.2433
8,1,neighbor,dor,0.1,20.733,6.24434
8,1,neighbor,dor,0.15,20.7413,6.2471
8,1,neighbor,dor,0.2,20.7366,6.24554
8,1,neighbor,dor,0.25,20.7372,6.24575
8,1,neighbor,dor,0.3,20.7408,6.24694
8,1,neighbor,dor,0.35,20.741,6.24699
8,1,neighbor,dor,0.4,20.7417,6.24723
8,1,neighbor,dor,0.45,20.7459,6.24864
8,1,neighbor,dor,0.5,20.7501,6.25003
8,1,neighbor,dor,0.55,20.7472,6.24907
8,1,neighbor,dor,0.6,20.7461,6.24871
8,1,neighbor,dor,0.65,20.7471,6.24904
8,1,neighbor,dor,0.7,20.7458,6.24859
8,1,neighbor,dor,0.75,20.7494,6.24978
8,1,neighbor,dor,0.8,20.7478,6.24926
8,1,neighbor,dor,0.85,20.7479,6.2493
8,1,neighbor,dor,0.9,20.7457,6.24856
8,1,neighbor,dor,0.95,20.7486,6.24954
8,1,allreduce,dor,0.05,8.03705,2.01235
8,1,allreduce,dor,0.1,8.0368,2.01227
8,1,allreduce,dor,0.15,8.03522,2.01174
8,1,allreduce,dor,0.2,8.03606,2.01202
8,1,allreduce,dor,0.25,8.03566,2.01189
8,1,allreduce,dor,0.3,8.03492,2.01164
8,1,allreduce,dor,0.35,8.0353,2.01177
8,1,allreduce,dor,0.4,8.03544,2.01181
8,1,allreduce,dor,0.45,8.03519,2.01173
8,1,allreduce,dor,0.5,8.03564,2.01188
8,1,allreduce,dor,0.55,8.03591,2.01197
8,1,allreduce,dor,0.6,8.03605,2.01202
8,1,allreduce,dor,0.65,8.03605,2.01202
8,1,allreduce,dor,0.7,8.03579,2.01193
8,1,allreduce,dor,0.75,8.03572,2.01191
8,1,allreduce,dor,0.8,8.03562,2.01187
8,1,allreduce,dor,0.85,8.03556,2.01185
8,1,allreduce,dor,0.9,8.03523,2.01174
8,1,allreduce,dor,0.95,8.03537,2.01179
8,2,uniform,dor,0.05,29.9401,8.88325
8,2,uniform,dor,0.1,30.2894,8.87381
8,2,uniform,dor,0.15,30.8049,8.875
8,2,uniform,dor,0.2,31.4068,8.86287
8,2,uniform,dor,0.25,32.4561,8.89546
8,2,uniform,dor,0.3,33.7297,8.87158
8,2,uniform,dor,0.35,35.8496,8.87131
8,2,uniform,dor,0.4,39.7706,8.87183
8,2,uniform,dor,0.45,50.0273,8.87124
8,2,uniform,dor,0.5,206.428,8.86882
8,2,uniform,dor,0.55,nan,nan
8,2,uniform,dor,0.6,nan,nan
8,2,uniform,dor,0.65,nan,nan
8,2,uniform,dor,0.7,nan,nan
8,2,uniform,dor,0.75,nan,nan
8,2,uniform,dor,0.8,nan,nan
8,2,uniform,dor,0.85,nan,nan
8,2,uniform,dor,0.9,nan,nan
8,2,uniform,dor,0.95,nan,nan
8,2,uniform,xy_yx,0.05,30.0026,8.89079
8,2,uniform,xy_yx,0.1,30.3974,8.88506
8,2,uniform,xy_yx,0.15,30.9378,8.88182
8,2,uniform,xy_yx,0.2,31.6084,8.8712
8,2,uniform,xy_yx,0.25,32.6454,8.87558
8,2,uniform,xy_yx,0.3,34.0476,8.88043
8,2,uniform,xy_yx,0.35,36.2933,8.86832
8,2,uniform,xy_yx,0.4,40.6872,8.88715
8,2,uniform,xy_yx,0.45,51.6009,8.88141
8,2,uniform,xy_yx,0.5,244.228,8.87631
8,2,uniform,xy_yx,0.55,nan,nan
8,2,uniform,xy_yx,0.6,nan,nan
8,2,uniform,xy_yx,0.65,nan,nan
8,2,uniform,xy_yx,0.7,nan,nan
8,2,uniform,xy_yx,0.75,nan,nan
8,2,uniform,xy_yx,0.8,nan,nan
8,2,uniform,xy_yx,0.85,nan,nan
8,2,uniform,xy_yx,0.9,nan,nan
8,2,uniform,xy_yx,0.95,nan,nan
8,2,uniform,min_adapt,0.05,29.9406,8.88325
8,2,uniform,min_adapt,0.1,30.2897,8.87381
8,2,uniform,min_adapt,0.15,30.8053,8.875
8,2,uniform,min_adapt,0.2,31.4079,8.86287
8,2,uniform,min_adapt,0.25,32.4553,8.89546
8,2,uniform,min_adapt,0.3,33.7319,8.87158
8,2,uniform,min_adapt,0.35,35.8541,8.87131
8,2,uniform,min_adapt,0.4,39.7714,8.87183
8,2,uniform,min_adapt,0.45,50.0544,8.87124
8,2,uniform,min_adapt,0.5,nan,nan
8,2,uniform,min_adapt,0.55,nan,nan
8,2,uniform,min_adapt,0.6,nan,nan
8,2,uniform,min_adapt,0.65,nan,nan
8,2,uniform,min_adapt,0.7,nan,nan
8,2,uniform,min_adapt,0.75,nan,nan
8,2,uniform,min_adapt,0.8,nan,nan
8,2,uniform,min_adapt,0.85,nan,nan
8,2,uniform,min_adapt,0.9,nan,nan
8,2,uniform,min_adapt,0.95,nan,nan
8,2,neighbor,dor,0.05,21.805,6.25956
8,2,neighbor,dor,0.1,21.7962,6.2471
8,2,neighbor,dor,0.15,21.8152,6.24228
8,2,neighbor,dor,0.2,21.852,6.24261
8,2,neighbor,dor,0.25,21.9216,6.25188
8,2,neighbor,dor,0.3,21.9522,6.24647
8,2,neighbor,dor,0.35,21.9883,6.2402
8,2,neighbor,dor,0.4,22.0542,6.2393
8,2,neighbor,dor,0.45,22.2005,6.26397
8,2,neighbor,dor,0.5,22.259,6.25363
8,2,neighbor,dor,0.55,22.3613,6.25129
8,2,neighbor,dor,0.6,22.4861,6.24505
8,2,neighbor,dor,0.65,22.6796,6.25038
8,2,neighbor,dor,0.7,22.9026,6.24666
8,2,neighbor,dor,0.75,23.2373,6.24959
8,2,neighbor,dor,0.8,23.7404,6.24566
8,2,neighbor,dor,0.85,24.5576,6.25328
8,2,neighbor,dor,0.9,26.262,6.24471
8,2,neighbor,dor,0.95,30.9465,6.25164
8,2,allreduce,dor,0.05,9.05773,2.01048
8,2,allreduce,dor,0.1,9.08585,2.01032
8,2,allreduce,dor,0.15,9.12035,2.01067
8,2,allreduce,dor,0.2,9.16169,2.0125
8,2,allreduce,dor,0.25,9.20091,2.01164
8,2,allreduce,dor,0.3,9.24891,2.01203
8,2,allreduce,dor,0.35,9.30404,2.01212
8,2,allreduce,dor,0.4,9.3727,2.01212
8,2,allreduce,dor,0.45,9.44396,2.01179
8,2,allreduce,dor,0.5,9.53356,2.01182
8,2,allreduce,dor,0.55,9.6424,2.01166
8,2,allreduce,dor,0.6,9.78622,2.01174
8,2,allreduce,dor,0.65,9.96184,2.01114
8,2,allreduce,dor,0.7,10.1974,2.0116
8,2,allreduce,dor,0.75,10.5224,2.01131
8,2,allreduce,dor,0.8,11.0389,2.01181
8,2,allreduce,dor,0.85,11.8319,2.01137
8,2,allreduce,dor,0.9,13.5623,2.01149
8,2,allreduce,dor,0.95,18.227,2.01183
8,4,uniform,dor,0.05,32.1691,8.86182
8,4,uniform,dor,0.1,32.9906,8.87654
8,4,uniform,dor,0.15,34.0663,8.88194
8,4,uniform,dor,0.2,35.4204,8.85631
8,4,uniform,dor,0.25,37.4965,8.87215
8,4,uniform,dor,0.3,40.5974,8.88963
8,4,uniform,dor,0.35,45.265,8.87817
8,4,uniform,dor,0.4,53.005,8.87682
8,4,uniform,dor,0.45,73.8358,8.87608
8,4,uniform,dor,0.5,272.505,8.88393
8,4,uniform,dor,0.55,nan,nan
8,4,uniform,dor,0.6,nan,nan
8,4,uniform,dor,0.65,nan,nan
8,4,uniform,dor,0.7,nan,nan
8,4,uniform,dor,0.75,nan,nan
8,4,uniform,dor,0.8,nan,nan
8,4,uniform,dor,0.85,nan,nan
8,4,uniform,dor,0.9,nan,nan
8,4,uniform,dor,0.95,nan,nan
8,4,uniform,xy_yx,0.05,32.1243,8.83824
8,4,uniform,xy_yx,0.1,33.1634,8.88522
8,4,uniform,xy_yx,0.15,34.2244,8.87062
8,4,uniform,xy_yx,0.2,35.7961,8.88243
8,4,uniform,xy_yx,0.25,38.1571,8.89445
8,4,uniform,xy_yx,0.3,41.0961,8.86957
8,4,uniform,xy_yx,0.35,45.9245,8.87003
8,4,uniform,xy_yx,0.4,54.3208,8.87875
8,4,uniform,xy_yx,0.45,75.5376,8.8613
8,4,uniform,xy_yx,0.5,389.879,8.86601
8,4,uniform,xy_yx,0.55,nan,nan
8,4,uniform,xy_yx,0.6,nan,nan
8,4,uniform,xy_yx,0.65,nan,nan
8,4,uniform,xy_yx,0.7,nan,nan
8,4,uniform,xy_yx,0.75,nan,nan
8,4,uniform,xy_yx,0.8,nan,nan
8,4,uniform,xy_yx,0.85,nan,nan
8,4,uniform,xy_yx,0.9,nan,nan
8,4,uniform,xy_yx,0.95,nan,nan
8,4,uniform,min_adapt,0.05,32.1689,8.86182
8,4,uniform,min_adapt,0.1,32.99,8.87654
8,4,uniform,min_adapt,0.15,34.0686,8.88194
8,4,uniform,min_adapt,0.2,35.4199,8.85631
8,4,uniform,min_adapt,0.25,37.4937,8.87215
8,4,uniform,min_adapt,0.3,40.5945,8.88963
8,4,uniform,min_adapt,0.35,45.2558,8.87817
8,4,uniform,min_adapt,0.4,53.0124,8.87682
8,4,uniform,min_adapt,0.45,73.9396,8.87608
8,4,uniform,min_adapt,0.5,nan,nan
8,4,uniform,min_adapt,0.55,nan,nan
8,4,uniform,min_adapt,0.6,nan,nan
8,4,uniform,min_adapt,0.65,nan,nan
8,4,uniform,min_adapt,0.7,nan,nan
8,4,uniform,min_adapt,0.75,nan,nan
8,4,uniform,min_adapt,0.8,nan,nan
8,4,uniform,min_adapt,0.85,nan,nan
8,4,uniform,min_adapt,0.9,nan,nan
8,4,uniform,min_adapt,0.95,nan,nan
8,4,neighbor,dor,0.05,23.7426,6.22119
8,4,neighbor,dor,0.1,23.8534,6.22732
8,4,neighbor,dor,0.15,24.0142,6.24978
8,4,neighbor,dor,0.2,24.1222,6.25217
8,4,neighbor,dor,0.25,24.2883,6.26383
8,4,neighbor,dor,0.3,24.3328,6.23198
8,4,neighbor,dor,0.35,24.5297,6.2396
8,4,neighbor,dor,0.4,24.7759,6.2531
8,4,neighbor,dor,0.45,24.973,6.24877
8,4,neighbor,dor,0.5,25.2364,6.25315
8,4,neighbor,dor,0.55,25.5694,6.2504
8,4,neighbor,dor,0.6,26.0135,6.25935
8,4,neighbor,dor,0.65,26.5235,6.25342
8,4,neighbor,dor,0.7,27.2164,6.24979
8,4,neighbor,dor,0.75,28.2441,6.24901
8,4,neighbor,dor,0.8,29.6556,6.24837
8,4,neighbor,dor,0.85,32.2119,6.2439
8,4,neighbor,dor,0.9,37.2548,6.25004
8,4,neighbor,dor,0.95,51.9804,6.25194
8,4,allreduce,dor,0.05,11.1165,2.01249
8,4,allreduce,dor,0.1,11.2056,2.01142
8,4,allreduce,dor,0.15,11.3057,2.01362
8,4,allreduce,dor,0.2,11.403,2.01243
8,4,allreduce,dor,0.25,11.5327,2.01198
8,4,allreduce,dor,0.3,11.6691,2.01077
8,4,allreduce,dor,0.35,11.8444,2.01114
8,4,allreduce,dor,0.4,12.051,2.01148
8,4,allreduce,dor,0.45,12.2588,2.01069
8,4,allreduce,dor,0.5,12.5143,2.01245
8,4,allreduce,dor,0.55,12.8501,2.01063
8,4,allreduce,dor,0.6,13.2712,2.01192
8,4,allreduce,dor,0.65,13.802,2.01292
8,4,allreduce,dor,0.7,14.5015,2.01148
8,4,allreduce,dor,0.75,15.5323,2.01174
8,4,allreduce,dor,0.8,16.9462,2.01192
8,4,allreduce,dor,0.85,19.5157,2.01185
8,4,allreduce,dor,0.9,24.539,2.01145
8,4,allreduce,dor,0.95,39.2582,2.0112
8,8,uniform,dor,0.05,37.0771,8.8769
8,8,uniform,dor,0.1,38.9766,8.89966
8,8,uniform,dor,0.15,41.369,8.88048
8,8,uniform,dor,0.2,44.8297,8.8922
8,8,uniform,dor,0.25,49.0665,8.87147
8,8,uniform,dor,0.3,55.5772,8.90257
8,8,uniform,dor,0.35,64.7354,8.87232
8,8,uniform,dor,0.4,82.862,8.86297
8,8,uniform,dor,0.45,127.598,8.85002
8,8,uniform,dor,0.5,nan,nan
8,8,uniform,dor,0.55,nan,nan
8,8,uniform,dor,0.6,nan,nan
8,8,uniform,dor,0.65,nan,nan
8,8,uniform,dor,0.7,nan,nan
8,8,uniform,dor,0.75,nan,nan
8,8,uniform,dor,0.8,nan,nan
8,8,uniform,dor,0.85,nan,nan
8,8,uniform,dor,0.9,nan,nan
8,8,uniform,dor,0.95,nan,nan
8,8,uniform,xy_yx,0.05,37.3312,8.92775
8,8,uniform,xy_yx,0.1,39.254,8.89899
8,8,uniform,xy_yx,0.15,41.9627,8.89045
8,8,uniform,xy_yx,0.2,45.558,8.89746
8,8,uniform,xy_yx,0.25,50.5162,8.922
8,8,uniform,xy_yx,0.3,56.7601,8.88798
8,8,uniform,xy_yx,0.35,66.7034,8.88024
8,8,uniform,xy_yx,0.4,84.9345,8.87646
8,8,uniform,xy_yx,0.45,137.596,8.88819
8,8,uniform,xy_yx,0.5,nan,nan
8,8,uniform,xy_yx,0.55,nan,nan
8,8,uniform,xy_yx,0.6,nan,nan
8,8,uniform,xy_yx,0.65,nan,nan
8,8,uniform,xy_yx,0.7,nan,nan
8,8,uniform,xy_yx,0.75,nan,nan
8,8,uniform,xy_yx,0.8,nan,nan
8,8,uniform,xy_yx,0.85,nan,nan
8,8,uniform,xy_yx,0.9,nan,nan
8,8,uniform,xy_yx,0.95,nan,nan
8,8,uniform,min_adapt,0.05,37.0774,8.8769
8,8,uniform,min_adapt,0.1,38.9778,8.89966
8,8,uniform,min_adapt,0.15,41.3711,8.88048
8,8,uniform,min_adapt,0.2,44.8342,8.8922
8,8,uniform,min_adapt,0.25,49.0543,8.87147
8,8,uniform,min_adapt,0.3,55.5795,8.90257
8,8,uniform,min_adapt,0.35,64.7771,8.87232
8,8,uniform,min_adapt,0.4,81.8959,8.87538
8,8,uniform,min_adapt,0.45,127.83,8.87177
8,8,uniform,min_adapt,0.5,nan,nan
8,8,uniform,min_adapt,0.55,nan,nan
8,8,uniform,min_adapt,0.6,nan,nan
8,8,uniform,min_adapt,0.65,nan,nan
8,8,uniform,min_adapt,0.7,nan,nan
8,8,uniform,min_adapt,0.75,nan,nan
8,8,uniform,min_adapt,0.8,nan,nan
8,8,uniform,min_adapt,0.85,nan,nan
8,8,uniform,min_adapt,0.9,nan,nan
8,8,uniform,min_adapt,0.95,nan,nan
8,8,neighbor,dor,0.05,27.7851,6.1972
8,8,neighbor,dor,0.1,28.1374,6.25293
8,8,neighbor,dor,0.15,28.4363,6.26683
8,8,neighbor,dor,0.2,28.7778,6.29324
8,8,neighbor,dor,0.25,28.9742,6.27163
8,8,neighbor,dor,0.3,29.249,6.25614
8,8,neighbor,dor,0.35,29.5927,6.2357
8,8,neighbor,dor,0.4,30.0971,6.25749
8,8,neighbor,dor,0.45,30.6666,6.25414
8,8,neighbor,dor,0.5,31.3239,6.24569
8,8,neighbor,dor,0.55,32.0596,6.24861
8,8,neighbor,dor,0.6,33.0316,6.24982
8,8,neighbor,dor,0.65,34.1881,6.25264
8,8,neighbor,dor,0.7,35.7437,6.22109
8,8,neighbor,dor,0.75,38.1704,6.23965
8,8,neighbor,dor,0.8,41.4569,6.24247
8,8,neighbor,dor,0.85,47.0975,6.25512
8,8,neighbor,dor,0.9,59.2115,6.26159
8,8,neighbor,dor,0.95,89.9913,6.23833
8,8,allreduce,dor,0.05,15.2157,2.00741
8,8,allreduce,dor,0.1,15.4068,2.00937
8,8,allreduce,dor,0.15,15.6664,2.01021
8,8,allreduce,dor,0.2,15.937,2.01297
8,8,allreduce,dor,0.25,16.1925,2.01109
8,8,allreduce,dor,0.3,16.5192,2.01289
8,8,allreduce,dor,0.35,16.9209,2.01179
8,8,allreduce,dor,0.4,17.356,2.01046
8,8,allreduce,dor,0.45,17.9378,2.01123
8,8,allreduce,dor,0.5,18.6158,2.00967
8,8,allreduce,dor,0.55,19.351,2.01241
8,8,allreduce,dor,0.6,20.3144,2.01076
8,8,allreduce,dor,0.65,21.4625,2.01075
8,8,allreduce,dor,0.7,23.1134,2.01098
8,8,allreduce,dor,0.75,25.4881,2.01224
8,8,allreduce,dor,0.8,28.7618,2.01076
8,8,allreduce,dor,0.85,34.3657,2.01117
8,8,allreduce,dor,0.9,46.4577,2.01031
8,8,allreduce,dor,0.95,77.3137,2.01249
8,16,uniform,dor,0.05,46.9194,8.8351
8,16,uniform,dor,0.1,52.1183,8.84915
8,16,uniform,dor,0.15,57.4503,8.82338
8,16,uniform,dor,0.2,64.7933,8.86148
8,16,uniform,dor,0.25,74.8254,8.90702
8,16,uniform,dor,0.3,88.2479,8.87958
8,16,uniform,dor,0.35,109.399,8.8856
8,16,uniform,dor,0.4,149.115,8.87931
8,16,uniform,dor,0.45,299.077,8.88372
8,16,uniform,dor,0.5,nan,nan
8,16,uniform,dor,0.55,nan,nan
8,16,uniform,dor,0.6,nan,nan
8,16,uniform,dor,0.65,nan,nan
8,16,uniform,dor,0.7,nan,nan
8,16,uniform,dor,0.75,nan,nan
8,16,uniform,dor,0.8,nan,nan
8,16,uniform,dor,0.85,nan,nan
8,16,uniform,dor,0.9,nan,nan
8,16,uniform,dor,0.95,nan,nan
8,16,uniform,xy_yx,0.05,47.6297,8.86512
8,16,uniform,xy_yx,0.1,52.9504,8.8723
8,16,uniform,xy_yx,0.15,59.3987,8.92429
8,16,uniform,xy_yx,0.2,67.3078,8.8949
8,16,uniform,xy_yx,0.25,76.2605,8.86919
8,16,uniform,xy_yx,0.3,90.7603,8.87044
8,16,uniform,xy_yx,0.35,110.536,8.86285
8,16,uniform,xy_yx,0.4,157.662,8.88501
8,16,uniform,xy_yx,0.45,390.353,8.8721
8,16,uniform,xy_yx,0.5,nan,nan
8,16,uniform,xy_yx,0.55,nan,nan
8,16,uniform,xy_yx,0.6,nan,nan
8,16,uniform,xy_yx,0.65,nan,nan
8,16,uniform,xy_yx,0.7,nan,nan
8,16,uniform,xy_yx,0.75,nan,nan
8,16,uniform,xy_yx,0.8,nan,nan
8,16,uniform,xy_yx,0.85,nan,nan
8,16,uniform,xy_yx,0.9,nan,nan
8,16,uniform,xy_yx,0.95,nan,nan
8,16,uniform,min_adapt,0.05,46.9191,8.8351
8,16,uniform,min_adapt,0.1,51.6893,8.78959
8,16,uniform,min_adapt,0.15,57.7806,8.87907
8,16,uniform,min_adapt,0.2,65.3132,8.90404
8,16,uniform,min_adapt,0.25,74.0734,8.88687
8,16,uniform,min_adapt,0.3,87.8722,8.88841
8,16,uniform,min_adapt,0.35,110.097,8.90258
8,16,uniform,min_adapt,0.4,149.795,8.88538
8,16,uniform,min_adapt,0.45,357.993,8.86807
8,16,uniform,min_adapt,0.5,nan,nan
8,16,uniform,min_adapt,0.55,nan,nan
8,16,uniform,min_adapt,0.6,nan,nan
8,16,uniform,min_adapt,0.65,nan,nan
8,16,uniform,min_adapt,0.7,nan,nan
8,16,uniform,min_adapt,0.75,nan,nan
8,16,uniform,min_adapt,0.8,nan,nan
8,16,uniform,min_adapt,0.85,nan,nan
8,16,uniform,min_adapt,0.9,nan,nan
8,16,uniform,min_adapt,0.95,nan,nan
8,16,neighbor,dor,0.05,36.2038,6.27463
8,16,neighbor,dor,0.1,36.4333,6.20185
8,16,neighbor,dor,0.15,37.1385,6.25308
8,16,neighbor,dor,0.2,37.5428,6.21043
8,16,neighbor,dor,0.25,38.2508,6.24433
8,16,neighbor,dor,0.3,38.7874,6.23626
8,16,neighbor,dor,0.35,39.8605,6.27541
8,16,neighbor,dor,0.4,40.8496,6.23452
8,16,neighbor,dor,0.45,41.8832,6.25358
8,16,neighbor,dor,0.5,43.3479,6.24921
8,16,neighbor,dor,0.55,44.9724,6.25651
8,16,neighbor,dor,0.6,47.0578,6.26322
8,16,neighbor,dor,0.65,49.8862,6.25714
8,16,neighbor,dor,0.7,53.213,6.2674
8,16,neighbor,dor,0.75,58.3095,6.23827
8,16,neighbor,dor,0.8,66.909,6.25651
8,16,neighbor,dor,0.85,80.4995,6.26159
8,16,neighbor,dor,0.9,103.038,6.24893
8,16,neighbor,dor,0.95,150.571,6.22873
8,16,allreduce,dor,0.05,23.4243,2.01478
8,16,allreduce,dor,0.1,23.8611,2.01111
8,16,allreduce,dor,0.15,24.4014,2.00739
8,16,allreduce,dor,0.2,24.9471,2.01186
8,16,allreduce,dor,0.25,25.5442,2.00878
8,16,allreduce,dor,0.3,26.1086,2.00999
8,16,allreduce,dor,0.35,27.0723,2.01267
8,16,allreduce,dor,0.4,28.1741,2.00937
8,16,allreduce,dor,0.45,29.1619,2.01314
8,16,allreduce,dor,0.5,30.6387,2.01281
8,16,allreduce,dor,0.55,32.2377,2.01163
8,16,allreduce,dor,0.6,34.3029,2.0116
8,16,allreduce,dor,0.65,37.1516,2.01226
8,16,allreduce,dor,0.7,40.4474,2.01219
8,16,allreduce,dor,0.75,45.6262,2.01051
8,16,allreduce,dor,0.8,54.175,2.01185
8,16,allreduce,dor,0.85,67.7459,2.01037
8,16,allreduce,dor,0.9,90.3269,2.01198
8,16,allreduce,dor,0.95,137.917,2.01068
8,32,uniform,dor,0.05,68.6603,8.93331
8,32,uniform,dor,0.1,78.9845,8.84921
8,32,uniform,dor,0.15,93.8222,8.90903
8,32,uniform,dor,0.2,110.999,8.93364
8,32,uniform,dor,0.25,133.087,8.80955
8,32,uniform,dor,0.3,166.692,8.83927
8,32,uniform,dor,0.35,214.761,8.84255
8,32,uniform,dor,0.4,371.788,8.88788
8,32,uniform,dor,0.45,nan,nan
8,32,uniform,dor,0.5,nan,nan
8,32,uniform,dor,0.55,nan,nan
8,32,uniform,dor,0.6,nan,nan
8,32,uniform,dor,0.65,nan,nan
8,32,uniform,dor,0.7,nan,nan
8,32,uniform,dor,0.75,nan,nan
8,32,uniform,dor,0.8,nan,nan
8,32,uniform,dor,0.85,nan,nan
8,32,uniform,dor,0.9,nan,nan
8,32,uniform,dor,0.95,nan,nan
8,32,uniform,xy_yx,0.05,68.8435,8.79458
8,32,uniform,xy_yx,0.1,80.9187,8.83072
8,32,uniform,xy_yx,0.15,95.4399,8.86915
8,32,uniform,xy_yx,0.2,111.973,8.87778
8,32,uniform,xy_yx,0.25,137.357,8.89583
8,32,uniform,xy_yx,0.3,171.787,8.85953
8,32,uniform,xy_yx,0.35,238.14,8.88303
8,32,uniform,xy_yx,0.4,437.582,8.89415
8,32,uniform,xy_yx,0.45,nan,nan
8,32,uniform,xy_yx,0.5,nan,nan
8,32,uniform,xy_yx,0.55,nan,nan
8,32,uniform,xy_yx,0.6,nan,nan
8,32,uniform,xy_yx,0.65,nan,nan
8,32,uniform,xy_yx,0.7,nan,nan
8,32,uniform,xy_yx,0.75,nan,nan
8,32,uniform,xy_yx,0.8,nan,nan
8,32,uniform,xy_yx,0.85,nan,nan
8,32,uniform,xy_yx,0.9,nan,nan
8,32,uniform,xy_yx,0.95,nan,nan
8,32,uniform,min_adapt,0.05,68.7743,8.91926
8,32,uniform,min_adapt,0.1,78.8377,8.82522
8,32,uniform,min_adapt,0.15,92.3665,8.83089
8,32,uniform,min_adapt,0.2,110.093,8.8923
8,32,uniform,min_adapt,0.25,132.603,8.86927
8,32,uniform,min_adapt,0.3,169.808,8.89477
8,32,uniform,min_adapt,0.35,227.131,8.87972
8,32,uniform,min_adapt,0.4,384.733,8.86083
8,32,uniform,min_adapt,0.45,nan,nan
8,32,uniform,min_adapt,0.5,nan,nan
8,32,uniform,min_adapt,0.55,nan,nan
8,32,uniform,min_adapt,0.6,nan,nan
8,32,uniform,min_adapt,0.65,nan,nan
8,32,uniform,min_adapt,0.7,nan,nan
8,32,uniform,min_adapt,0.75,nan,nan
8,32,uniform,min_adapt,0.8,nan,nan
8,32,uniform,min_adapt,0.85,nan,nan
8,32,uniform,min_adapt,0.9,nan,nan
8,32,uniform,min_adapt,0.95,nan,nan
8,32,neighbor,dor,0.05,52.7163,6.30237
8,32,neighbor,dor,0.1,53.5462,6.2711
8,32,neighbor,dor,0.15,54.7614,6.3364
8,32,neighbor,dor,0.2,55.6588,6.2193
8,32,neighbor,dor,0.25,57.0246,6.23145
8,32,neighbor,dor,0.3,58.9357,6.275
8,32,neighbor,dor,0.35,60.2094,6.24685
8,32,neighbor,dor,0.4,61.9545,6.2521
8,32,neighbor,dor,0.45,64.1235,6.23408
8,32,neighbor,dor,0.5,67.1172,6.24316
8,32,neighbor,dor,0.55,71.105,6.22912
8,32,neighbor,dor,0.6,74.6404,6.2155
8,32,neighbor,dor,0.65,81.2116,6.24035
8,32,neighbor,dor,0.7,89.143,6.24982
8,32,neighbor,dor,0.75,99.1567,6.26362
8,32,neighbor,dor,0.8,115.451,6.24623
8,32,neighbor,dor,0.85,142.786,6.23211
8,32,neighbor,dor,0.9,185.168,6.22237
8,32,neighbor,dor,0.95,258.753,6.26103
8,32,allreduce,dor,0.05,39.8429,2.01122
8,32,allreduce,dor,0.1,40.7609,2.00933
8,32,allreduce,dor,0.15,41.7769,2.00824
8,32,allreduce,dor,0.2,43.025,2.00802
8,32,allreduce,dor,0.25,44.3553,2.00835
8,32,allreduce,dor,0.3,46.1611,2.0168
8,32,allreduce,dor,0.35,47.4965,2.00922
8,32,allreduce,dor,0.4,49.2384,2.01339
8,32,allreduce,dor,0.45,51.4496,2.00944
8,32,allreduce,dor,0.5,54.4223,2.0115
8,32,allreduce,dor,0.55,58.4495,2.01064
8,32,allreduce,dor,0.6,62.035,2.01367
8,32,allreduce,dor,0.65,68.5186,2.00934
8,32,allreduce,dor,0.7,76.4254,2.0106
8,32,allreduce,dor,0.75,86.4032,2.01247
8,32,allreduce,dor,0.8,102.758,2.01501
8,32,allreduce,dor,0.85,130.124,2.01129
8,32,allreduce,dor,0.9,172.534,2.01111
8,32,allreduce,dor,0.95,246.012,2.01387
8,64,uniform,dor,0.05,113.083,9.03482
8,64,uniform,dor,0.1,135.127,8.87913
8,64,uniform,dor,0.15,168.056,8.97507
8,64,uniform,dor,0.2,209.672,8.94484
8,64,uniform,dor,0.25,272.911,8.90888
8,64,uniform,dor,0.3,391.949,8.878
8,64,uniform,dor,0.35,nan,nan
8,64,uniform,dor,0.4,nan,nan
8,64,uniform,dor,0.45,nan,nan
8,64,uniform,dor,0.5,nan,nan
8,64,uniform,dor,0.55,nan,nan
8,64,uniform,dor,0.6,nan,nan
8,64,uniform,dor,0.65,nan,nan
8,64,uniform,dor,0.7,nan,nan
8,64,uniform,dor,0.75,nan,nan
8,64,uniform,dor,0.8,nan,nan
8,64,uniform,dor,0.85,nan,nan
8,64,uniform,dor,0.9,nan,nan
8,64,uniform,dor,0.95,nan,nan
8,64,uniform,xy_yx,0.05,115.066,8.82282
8,64,uniform,xy_yx,0.1,139.437,8.86586
8,64,uniform,xy_yx,0.15,172.88,8.82416
8,64,uniform,xy_yx,0.2,222.266,8.79434
8,64,uniform,xy_yx,0.25,305.256,8.93838
8,64,uniform,xy_yx,0.3,430.153,8.89966
8,64,uniform,xy_yx,0.35,nan,nan
8,64,uniform,xy_yx,0.4,nan,nan
8,64,uniform,xy_yx,0.45,nan,nan
8,64,uniform,xy_yx,0.5,nan,nan
8,64,uniform,xy_yx,0.55,nan,nan
8,64,uniform,xy_yx,0.6,nan,nan
8,64,uniform,xy_yx,0.65,nan,nan
8,64,uniform,xy_yx,0.7,nan,nan
8,64,uniform,xy_yx,0.75,nan,nan
8,64,uniform,xy_yx,0.8,nan,nan
8,64,uniform,xy_yx,0.85,nan,nan
8,64,uniform,xy_yx,0.9,nan,nan
8,64,uniform,xy_yx,0.95,nan,nan
8,64,uniform,min_adapt,0.05,113.083,9.03482
8,64,uniform,min_adapt,0.1,134.211,8.88135
8,64,uniform,min_adapt,0.15,164.813,8.85791
8,64,uniform,min_adapt,0.2,207.602,8.83593
8,64,uniform,min_adapt,0.25,270.241,8.83691
8,64,uniform,min_adapt,0.3,396.177,8.8779
8,64,uniform,min_adapt,0.35,nan,nan
8,64,uniform,min_adapt,0.4,nan,nan
8,64,uniform,min_adapt,0.45,nan,nan
8,64,uniform,min_adapt,0.5,nan,nan
8,64,uniform,min_adapt,0.55,nan,nan
8,64,uniform,min_adapt,0.6,nan,nan
8,64,uniform,min_adapt,0.65,nan,nan
8,64,uniform,min_adapt,0.7,nan,nan
8,64,uniform,min_adapt,0.75,nan,nan
8,64,uniform,min_adapt,0.8,nan,nan
8,64,uniform,min_adapt,0.85,nan,nan
8,64,uniform,min_adapt,0.9,nan,nan
8,64,uniform,min_adapt,0.95,nan,nan
8,64,neighbor,dor,0.05,84.4988,6.02105
8,64,neighbor,dor,0.1,86.9819,6.18437
8,64,neighbor,dor,0.15,89.3379,6.29758
8,64,neighbor,dor,0.2,91.1279,6.32857
8,64,neighbor,dor,0.25,94.5508,6.22145
8,64,neighbor,dor,0.3,97.4743,6.25062
8,64,neighbor,dor,0.35,101.612,6.32959
8,64,neighbor,dor,0.4,105.456,6.24701
8,64,neighbor,dor,0.45,110.752,6.25475
8,64,neighbor,dor,0.5,116.349,6.21681
8,64,neighbor,dor,0.55,124.203,6.26884
8,64,neighbor,dor,0.6,133.748,6.23363
8,64,neighbor,dor,0.65,146.54,6.27522
8,64,neighbor,dor,0.7,159.041,6.25665
8,64,neighbor,dor,0.75,182.59,6.27018
8,64,neighbor,dor,0.8,209.285,6.28201
8,64,neighbor,dor,0.85,252.467,6.23601
8,64,neighbor,dor,0.9,318.129,6.24616
8,64,neighbor,dor,0.95,403.963,6.21913
8,64,allreduce,dor,0.05,72.4939,2.01943
8,64,allreduce,dor,0.1,74.4961,2.02242
8,64,allreduce,dor,0.15,76.4749,2.00992
8,64,allreduce,dor,0.2,78.1758,2.01119
8,64,allreduce,dor,0.25,81.9354,2.01631
8,64,allreduce,dor,0.3,84.7569,2.01149
8,64,allreduce,dor,0.35,88.6592,2.01195
8,64,allreduce,dor,0.4,92.7533,2.01287
8,64,allreduce,dor,0.45,98.0142,2.00868
8,64,allreduce,dor,0.5,103.732,2.01121
8,64,allreduce,dor,0.55,111.433,2.01197
8,64,allreduce,dor,0.6,121.08,2.01091
8,64,allreduce,dor,0.65,133.762,2.01572
8,64,allreduce,dor,0.7,146.304,2.01078
8,64,allreduce,dor,0.75,169.822,2.01421
8,64,allreduce,dor,0.8,196.469,2.00995
8,64,allreduce,dor,0.85,239.792,2.01111
8,64,allreduce,dor,0.9,305.415,2.00819
8,64,allreduce,dor,0.95,391.336,2.01006
8,128,uniform,dor,0.05,207.525,8.88104
8,128,uniform,dor,0.1,261.461,8.99678
8,128,uniform,dor,0.15,329.47,9.02752
8,128,uniform,dor,0.2,425.634,8.89189
8,128,uniform,dor,0.25,641.985,8.84638
8,128,uniform,dor,0.3,nan,nan
8,128,uniform,dor,0.35,nan,nan
8,128,uniform,dor,0.4,nan,nan
8,128,uniform,dor,0.45,nan,nan
8,128,uniform,dor,0.5,nan,nan
8,128,uniform,dor,0.55,nan,nan
8,128,uniform,dor,0.6,nan,nan
8,128,uniform,dor,0.65,nan,nan
8,128,uniform,dor,0.7,nan,nan
8,128,uniform,dor,0.75,nan,nan
8,128,uniform,dor,0.8,nan,nan
8,128,uniform,dor,0.85,nan,nan
8,128,uniform,dor,0.9,nan,nan
8,128,uniform,dor,0.95,nan,nan
8,128,uniform,xy_yx,0.05,205.514,8.78428
8,128,uniform,xy_yx,0.1,259.458,8.78732
8,128,uniform,xy_yx,0.15,351.329,8.95968
8,128,uniform,xy_yx,0.2,473.059,8.94867
8,128,uniform,xy_yx,0.25,708.207,8.84762
8,128,uniform,xy_yx,0.3,nan,nan
8,128,uniform,xy_yx,0.35,nan,nan
8,128,uniform,xy_yx,0.4,nan,nan
8,128,uniform,xy_yx,0.45,nan,nan
8,128,uniform,xy_yx,0.5,nan,nan
8,128,uniform,xy_yx,0.55,nan,nan
8,128,uniform,xy_yx,0.6,nan,nan
8,128,uniform,xy_yx,0.65,nan,nan
8,128,uniform,xy_yx,0.7,nan,nan
8,128,uniform,xy_yx,0.75,nan,nan
8,128,uniform,xy_yx,0.8,nan,nan
8,128,uniform,xy_yx,0.85,nan,nan
8,128,uniform,xy_yx,0.9,nan,nan
8,128,uniform,xy_yx,0.95,nan,nan
8,128,uniform,min_adapt,0.05,207.525,8.88104
8,128,uniform,min_adapt,0.1,261.461,8.99678
8,128,uniform,min_adapt,0.15,319.374,8.99589
8,128,uniform,min_adapt,0.2,423.729,8.8929
8,128,uniform,min_adapt,0.25,638.545,8.92426
8,128,uniform,min_adapt,0.3,nan,nan
8,128,uniform,min_adapt,0.35,nan,nan
8,128,uniform,min_adapt,0.4,nan,nan
8,128,uniform,min_adapt,0.45,nan,nan
8,128,uniform,min_adapt,0.5,nan,nan
8,128,uniform,min_adapt,0.55,nan,nan
8,128,uniform,min_adapt,0.6,nan,nan
8,128,uniform,min_adapt,0.65,nan,nan
8,128,uniform,min_adapt,0.7,nan,nan
8,128,uniform,min_adapt,0.75,nan,nan
8,128,uniform,min_adapt,0.8,nan,nan
8,128,uniform,min_adapt,0.85,nan,nan
8,128,uniform,min_adapt,0.9,nan,nan
8,128,uniform,min_adapt,0.95,nan,nan
8,128,neighbor,dor,0.05,150.612,6.24771
8,128,neighbor,dor,0.1,154.561,6.2294
8,128,neighbor,dor,0.15,159.699,6.48532
8,128,neighbor,dor,0.2,166.051,6.29641
8,128,neighbor,dor,0.25,171.409,6.28543
8,128,neighbor,dor,0.3,175.46,6.23033
8,128,neighbor,dor,0.35,181.561,6.24895
8,128,neighbor,dor,0.4,194.992,6.18854
8,128,neighbor,dor,0.45,198.654,6.26443
8,128,neighbor,dor,0.5,216.966,6.27566
8,128,neighbor,dor,0.55,225.054,6.3221
8,128,neighbor,dor,0.6,248.23,6.32538
8,128,neighbor,dor,0.65,268.449,6.22956
8,128,neighbor,dor,0.7,306.53,6.24325
8,128,neighbor,dor,0.75,340.974,6.27441
8,128,neighbor,dor,0.8,399.571,6.25244
8,128,neighbor,dor,0.85,471.098,6.27454
8,128,neighbor,dor,0.9,nan,nan
8,128,neighbor,dor,0.95,nan,nan
8,128,allreduce,dor,0.05,137.896,2.00917
8,128,allreduce,dor,0.1,141.901,2.00969
8,128,allreduce,dor,0.15,146.288,2.01488
8,128,allreduce,dor,0.2,153.2,2.013
8,128,allreduce,dor,0.25,158.601,2.01624
8,128,allreduce,dor,0.3,162.806,2.0123
8,128,allreduce,dor,0.35,168.852,2.01266
8,128,allreduce,dor,0.4,182.457,2.01017
8,128,allreduce,dor,0.45,185.91,2.01637
8,128,allreduce,dor,0.5,204.165,2.00877
8,128,allreduce,dor,0.55,212.106,2.00613
8,128,allreduce,dor,0.6,235.299,2.01528
8,128,allreduce,dor,0.65,255.794,2.011
8,128,allreduce,dor,0.7,293.826,2.00874
8,128,allreduce,dor,0.75,328.19,2.01337
8,128,allreduce,dor,0.8,386.847,2.0111
8,128,allreduce,dor,0.85,458.314,2.0132
8,128,allreduce,dor,0.9,nan,nan
8,128,allreduce,dor,0.95,nan,nan
8,256,uniform,dor,0.05,375.18,8.78917
8,256,uniform,dor,0.1,538.081,8.93511
8,256,uniform,dor,0.15,718.161,8.82879
8,256,uniform,dor,0.2,nan,nan
8,256,uniform,dor,0.25,nan,nan
8,256,uniform,dor,0.3,nan,nan
8,256,uniform,dor,0.35,nan,nan
8,256,uniform,dor,0.4,nan,nan
8,256,uniform,dor,0.45,nan,nan
8,256,uniform,dor,0.5,nan,nan
8,256,uniform,dor,0.55,nan,nan
8,256,uniform,dor,0.6,nan,nan
8,256,uniform,dor,0.65,nan,nan
8,256,uniform,dor,0.7,nan,nan
8,256,uniform,dor,0.75,nan,nan
8,256,uniform,dor,0.8,nan,nan
8,256,uniform,dor,0.85,nan,nan
8,256,uniform,dor,0.9,nan,nan
8,256,uniform,dor,0.95,nan,nan
8,256,uniform,xy_yx,0.05,376.824,8.88794
8,256,uniform,xy_yx,0.1,522.986,8.87949
8,256,uniform,xy_yx,0.15,741.342,8.96462
8,256,uniform,xy_yx,0.2,nan,nan
8,256,uniform,xy_yx,0.25,nan,nan
8,256,uniform,xy_yx,0.3,nan,nan
8,256,uniform,xy_yx,0.35,nan,nan
8,256,uniform,xy_yx,0.4,nan,nan
8,256,uniform,xy_yx,0.45,nan,nan
8,256,uniform,xy_yx,0.5,nan,nan
8,256,uniform,xy_yx,0.55,nan,nan
8,256,uniform,xy_yx,0.6,nan,nan
8,256,uniform,xy_yx,0.65,nan,nan
8,256,uniform,xy_yx,0.7,nan,nan
8,256,uniform,xy_yx,0.75,nan,nan
8,256,uniform,xy_yx,0.8,nan,nan
8,256,uniform,xy_yx,0.85,nan,nan
8,256,uniform,xy_yx,0.9,nan,nan
8,256,uniform,xy_yx,0.95,nan,nan
8,256,uniform,min_adapt,0.05,375.18,8.78917
8,256,uniform,min_adapt,0.1,538.081,8.93511
8,256,uniform,min_adapt,0.15,719.834,8.83238
8,256,uniform,min_adapt,0.2,nan,nan
8,256,uniform,min_adapt,0.25,nan,nan
8,256,uniform,min_adapt,0.3,nan,nan
8,256,uniform,min_adapt,0.35,nan,nan
8,256,uniform,min_adapt,0.4,nan,nan
8,256,uniform,min_adapt,0.45,nan,nan
8,256,uniform,min_adapt,0.5,nan,nan
8,256,uniform,min_adapt,0.55,nan,nan
8,256,uniform,min_adapt,0.6,nan,nan
8,256,uniform,min_adapt,0.65,nan,nan
8,256,uniform,min_adapt,0.7,nan,nan
8,256,uniform,min_adapt,0.75,nan,nan
8,256,uniform,min_adapt,0.8,nan,nan
8,256,uniform,min_adapt,0.85,nan,nan
8,256,uniform,min_adapt,0.9,nan,nan
8,256,uniform,min_adapt,0.95,nan,nan
8,256,neighbor,dor,0.05,280.049,6.33742
8,256,neighbor,dor,0.1,291.694,6.20091
8,256,neighbor,dor,0.15,295.796,6.32704
8,256,neighbor,dor,0.2,317.616,6.16307
8,256,neighbor,dor,0.25,319.894,6.21881
8,256,neighbor,dor,0.3,344.718,6.15179
8,256,neighbor,dor,0.35,344.757,6.27549
8,256,neighbor,dor,0.4,370.87,6.16581
8,256,neighbor,dor,0.45,398.793,6.31235
8,256,neighbor,dor,0.5,419.589,6.27554
8,256,neighbor,dor,0.55,449.224,6.14394
8,256,neighbor,dor,0.6,483.939,6.26632
8,256,neighbor,dor,0.65,538.535,6.13684
8,256,neighbor,dor,0.7,567.384,6.17433
8,256,neighbor,dor,0.75,646.697,6.22167
8,256,neighbor,dor,0.8,nan,nan
8,256,neighbor,dor,0.85,nan,nan
8,256,neighbor,dor,0.9,nan,nan
8,256,neighbor,dor,0.95,nan,nan
8,256,allreduce,dor,0.05,267.092,2.0184
8,256,allreduce,dor,0.1,279.119,2.00913
8,256,allreduce,dor,0.15,282.871,2.01887
8,256,allreduce,dor,0.2,305.156,2.00959
8,256,allreduce,dor,0.25,307.319,2.02687
8,256,allreduce,dor,0.3,332.311,2.01603
8,256,allreduce,dor,0.35,331.955,2.00816
8,256,allreduce,dor,0.4,358.416,2.01428
8,256,allreduce,dor,0.45,385.889,2.01116
8,256,allreduce,dor,0.5,406.796,2.01125
8,256,allreduce,dor,0.55,436.823,2.01012
8,256,allreduce,dor,0.6,471.186,2.01543
8,256,allreduce,dor,0.65,526.157,2.01095
8,256,allreduce,dor,0.7,554.891,2.01004
8,256,allreduce,dor,0.75,634.069,2.01218
8,256,allreduce,dor,0.8,nan,nan
8,256,allreduce,dor,0.85,nan,nan
8,256,allreduce,dor,0.9,nan,nan
8,256,allreduce,dor,0.95,nan,nan
8,512,uniform,dor,0.05,716.37,8.99187
8,512,uniform,dor,0.1,nan,nan
8,512,uniform,dor,0.15,nan,nan
8,512,uniform,dor,0.2,nan,nan
8,512,uniform,dor,0.25,nan,nan
8,512,uniform,dor,0.3,nan,nan
8,512,uniform,dor,0.35,nan,nan
8,512,uniform,dor,0.4,nan,nan
8,512,uniform,dor,0.45,nan,nan
8,512,uniform,dor,0.5,nan,nan
8,512,uniform,dor,0.55,nan,nan
8,512,uniform,dor,0.6,nan,nan
8,512,uniform,dor,0.65,nan,nan
8,512,uniform,dor,0.7,nan,nan
8,512,uniform,dor,0.75,nan,nan
8,512,uniform,dor,0.8,nan,nan
8,512,uniform,dor,0.85,nan,nan
8,512,uniform,dor,0.9,nan,nan
8,512,uniform,dor,0.95,nan,nan
8,512,uniform,xy_yx,0.05,718.116,8.53274
8,512,uniform,xy_yx,0.1,nan,nan
8,512,uniform,xy_yx,0.15,nan,nan
8,512,uniform,xy_yx,0.2,nan,nan
8,512,uniform,xy_yx,0.25,nan,nan
8,512,uniform,xy_yx,0.3,nan,nan
8,512,uniform,xy_yx,0.35,nan,nan
8,512,uniform,xy_yx,0.4,nan,nan
8,512,uniform,xy_yx,0.45,nan,nan
8,512,uniform,xy_yx,0.5,nan,nan
8,512,uniform,xy_yx,0.55,nan,nan
8,512,uniform,xy_yx,0.6,nan,nan
8,512,uniform,xy_yx,0.65,nan,nan
8,512,uniform,xy_yx,0.7,nan,nan
8,512,uniform,xy_yx,0.75,nan,nan
8,512,uniform,xy_yx,0.8,nan,nan
8,512,uniform,xy_yx,0.85,nan,nan
8,512,uniform,xy_yx,0.9,nan,nan
8,512,uniform,xy_yx,0.95,nan,nan
8,512,uniform,min_adapt,0.05,716.37,8.99187
8,512,uniform,min_adapt,0.1,nan,nan
8,512,uniform,min_adapt,0.15,nan,nan
8,512,uniform,min_adapt,0.2,nan,nan
8,512,uniform,min_adapt,0.25,nan,nan
8,512,uniform,min_adapt,0.3,nan,nan
8,512,uniform,min_adapt,0.35,nan,nan
8,512,uniform,min_adapt,0.4,nan,nan
8,512,uniform,min_adapt,0.45,nan,nan
8,512,uniform,min_adapt,0.5,nan,nan
8,512,uniform,min_adapt,0.55,nan,nan
8,512,uniform,min_adapt,0.6,nan,nan
8,512,uniform,min_adapt,0.65,nan,nan
8,512,uniform,min_adapt,0.7,nan,nan
8,512,uniform,min_adapt,0.75,nan,nan
8,512,uniform,min_adapt,0.8,nan,nan
8,512,uniform,min_adapt,0.85,nan,nan
8,512,uniform,min_adapt,0.9,nan,nan
8,512,uniform,min_adapt,0.95,nan,nan
8,512,neighbor,dor,0.05,550.64,6.58929
8,512,neighbor,dor,0.1,564.226,6.43976
8,512,neighbor,dor,0.15,576.635,6.11429
8,512,neighbor,dor,0.2,596.41,6.18425
8,512,neighbor,dor,0.25,661.034,6.34198
8,512,neighbor,dor,0.3,653.113,6.13374
8,512,neighbor,dor,0.35,705.812,6.27352
8,512,neighbor,dor,0.4,733.652,6.15187
8,512,neighbor,dor,0.45,758.596,6.09634
8,512,neighbor,dor,0.5,813.351,6.18054
8,512,neighbor,dor,0.55,839.733,6.34749
8,512,neighbor,dor,0.6,nan,nan
8,512,neighbor,dor,0.65,nan,nan
8,512,neighbor,dor,0.7,nan,nan
8,512,neighbor,dor,0.75,nan,nan
8,512,neighbor,dor,0.8,nan,nan
8,512,neighbor,dor,0.85,nan,nan
8,512,neighbor,dor,0.9,nan,nan
8,512,neighbor,dor,0.95,nan,nan
8,512,allreduce,dor,0.05,536.872,2.0
8,512,allreduce,dor,0.1,550.907,2.0
8,512,allreduce,dor,0.15,564.321,2.00952
8,512,allreduce,dor,0.2,583.857,2.0
8,512,allreduce,dor,0.25,648.008,2.0
8,512,allreduce,dor,0.3,640.785,2.02432
8,512,allreduce,dor,0.35,693.038,2.01568
8,512,allreduce,dor,0.4,721.249,2.01752
8,512,allreduce,dor,0.45,746.32,2.00407
8,512,allreduce,dor,0.5,800.852,2.01403
8,512,allreduce,dor,0.55,826.737,2.01529
8,512,allreduce,dor,0.6,nan,nan
8,512,allreduce,dor,0.65,nan,nan
8,512,allreduce,dor,0.7,nan,nan
8,512,allreduce,dor,0.75,nan,nan
8,512,allreduce,dor,0.8,nan,nan
8,512,allreduce,dor,0.85,nan,nan
8,512,allreduce,dor,0.9,nan,nan
8,512,allreduce,dor,0.95,nan,nan
